marka,kategori,ebat,urun_kodu,desen,liste_fiyati,perakende_fiyati
LASSA,YAZ,295/35R20,219782,DRIVEWAYS SPORT+,16033.0,16033.0
LASSA,YAZ,255/35R20,219785,DRIVEWAYS SPORT+,12959.0,12959.0
LASSA,YAZ,255/40R20,219789,DRIVEWAYS SPORT+,13213.0,13213.0
LASSA,YAZ,255/35R19,219791,DRIVEWAYS SPORT+,11845.0,11845.0
LASSA,YAZ,235/35R19,219790,DRIVEWAYS SPORT+,12243.0,12243.0
LASSA,YAZ,225/35R19,219787,DRIVEWAYS SPORT+,11777.0,11777.0
LASSA,YAZ,255/40R19,219792,DRIVEWAYS SPORT+,13305.0,13305.0
LASSA,YAZ,245/40R19,219784,DRIVEWAYS SPORT+,12367.0,12367.0
LASSA,YAZ,255/35R18,219794,DRIVEWAYS SPORT+,10060.0,10060.0
LASSA,YAZ,245/40R18,218046,REVOLA,9509.0,9509.0
LASSA,YAZ,245/40R18,219779,DRIVEWAYS SPORT+,9684.0,9684.0
LASSA,YAZ,235/40R18,218042,REVOLA,9038.0,9038.0
LASSA,YAZ,235/40R18,219788,DRIVEWAYS SPORT+,9217.0,9217.0
LASSA,YAZ,225/40R18,218015,REVOLA,6552.0,6552.0
LASSA,YAZ,225/40R18,219783,DRIVEWAYS SPORT+,6682.0,6682.0
LASSA,4 MEVSIM,225/40R18,213141,MULTIWAYS 2,7577.0,7577.0
LASSA,YAZ,255/45R18,219781,DRIVEWAYS SPORT+,11331.0,11331.0
LASSA,YAZ,245/45R18,212722,REVOLA,10082.0,10082.0
LASSA,YAZ,235/45R18,218029,REVOLA,11222.0,11222.0
LASSA,YAZ,235/45R18,219773,DRIVEWAYS SPORT+,11341.0,11341.0
LASSA,YAZ,225/45R18,218041,REVOLA,10224.0,10224.0
LASSA,YAZ,225/45R18,219772,DRIVEWAYS SPORT+,10433.0,10433.0
LASSA,YAZ,245/50R18,219793,DRIVEWAYS SPORT+,12050.0,12050.0
LASSA,YAZ,245/40R17,219778,DRIVEWAYS SPORT+,8836.0,8836.0
LASSA,YAZ,215/40R17,212719,REVOLA,8780.0,8780.0
LASSA,YAZ,205/40R17,212718,REVOLA,7560.0,7560.0
LASSA,YAZ,245/45R17,218031,REVOLA,9199.0,9199.0
LASSA,YAZ,245/45R17,219780,DRIVEWAYS SPORT+,9367.0,9367.0
LASSA,YAZ,235/45R17,218037,REVOLA,6925.0,6925.0
LASSA,YAZ,235/45R17,219777,DRIVEWAYS SPORT+,7053.0,7053.0
LASSA,YAZ,225/45R17,218047,REVOLA,6132.0,6132.0
LASSA,YAZ,225/45R17,219776,DRIVEWAYS SPORT+,6496.0,6496.0
LASSA,4 MEVSIM,225/45R17,213142,MULTIWAYS 2,6655.0,6655.0
LASSA,YAZ,215/45R17,219775,DRIVEWAYS SPORT+,7550.0,7550.0
LASSA,YAZ,205/45R17,219774,DRIVEWAYS SPORT+,7637.0,7637.0
LASSA,YAZ,225/50R17,218018,REVOLA,8728.0,8728.0
LASSA,4 MEVSIM,225/50R17,213167,MULTIWAYS 2,9404.0,9404.0
LASSA,YAZ,215/50R17,218028,REVOLA,8850.0,8850.0
LASSA,4 MEVSIM,215/50R17,213118,MULTIWAYS 2,9562.0,9562.0
LASSA,YAZ,205/50R17,212712,REVOLA,8451.0,8451.0
LASSA,4 MEVSIM,205/50R17,213152,MULTIWAYS 2,9232.0,9232.0
LASSA,YAZ,225/55R17,218024,REVOLA,9493.0,9493.0
LASSA,4 MEVSIM,225/55R17,213144,MULTIWAYS 2,10075.0,10075.0
LASSA,YAZ,215/55R17,212726,REVOLA,8976.0,8976.0
LASSA,4 MEVSIM,215/55R17,213135,MULTIWAYS 2,9534.0,9534.0
LASSA,YAZ,205/55R17,218039,REVOLA,8400.0,8400.0
LASSA,4 MEVSIM,205/55R17,213153,MULTIWAYS 2,9109.0,9109.0
LASSA,YAZ,215/45R16,219462,DRIVEWAYS,8324.0,8324.0
LASSA,YAZ,205/45R16,219480,DRIVEWAYS,8960.0,8960.0
LASSA,YAZ,195/45R16,219423,DRIVEWAYS,7163.0,7163.0
LASSA,YAZ,205/50R16,219407,DRIVEWAYS,8129.0,8129.0
LASSA,YAZ,195/50R16,218044,REVOLA,7637.0,7637.0
LASSA,YAZ,225/55R16,218045,REVOLA,10181.0,10181.0
LASSA,YAZ,215/55R16,218022,REVOLA,8352.0,8352.0
LASSA,YAZ,215/55R16,218019,REVOLA,8214.0,8214.0
LASSA,4 MEVSIM,215/55R16,213119,MULTIWAYS 2,8484.0,8484.0
LASSA,YAZ,205/55R16,218052,REVOLA,5820.0,5820.0
LASSA,YAZ,205/55R16,218004,REVOLA,5967.0,5967.0
LASSA,4 MEVSIM,205/55R16,213147,MULTIWAYS 2,5972.0,5972.0
LASSA,4 MEVSIM,205/55R16,213115,MULTIWAYS 2,6162.0,6162.0
LASSA,YAZ,195/55R16,218035,REVOLA,6712.0,6712.0
LASSA,4 MEVSIM,195/55R16,213111,MULTIWAYS 2,6970.0,6970.0
LASSA,YAZ,185/55R16,214516,GREENWAYS,7985.0,7985.0
LASSA,YAZ,215/60R16,218009,REVOLA,8675.0,8675.0
LASSA,4 MEVSIM,215/60R16,213136,MULTIWAYS 2,9254.0,9254.0
LASSA,YAZ,205/60R16,218008,REVOLA,7430.0,7430.0
LASSA,4 MEVSIM,205/60R16,213116,MULTIWAYS 2,7481.0,7481.0
LASSA,YAZ,205/60R16,218527,IMPETUS REVO,7766.0,7766.0
LASSA,YAZ,195/50R15,218043,REVOLA,5069.0,5069.0
LASSA,4 MEVSIM,195/50R15,213148,MULTIWAYS 2,5329.0,5329.0
LASSA,YAZ,205/55R15,218414,IMPETUS REVO,9524.0,9524.0
LASSA,YAZ,195/55R15,218040,REVOLA,7281.0,7281.0
LASSA,4 MEVSIM,195/55R15,213139,MULTIWAYS 2,7611.0,7611.0
LASSA,YAZ,185/55R15,218038,REVOLA,6650.0,6650.0
LASSA,4 MEVSIM,185/55R15,213117,MULTIWAYS 2,6920.0,6920.0
LASSA,YAZ,205/60R15,218016,REVOLA,7504.0,7504.0
LASSA,4 MEVSIM,195/60R15,213112,MULTIWAYS 2,5963.0,5963.0
LASSA,YAZ,195/60R15,218007,REVOLA,5599.0,5599.0
LASSA,YAZ,185/60R15,218036,REVOLA,5396.0,5396.0
LASSA,4 MEVSIM,185/60R15,213107,MULTIWAYS 2,5668.0,5668.0
LASSA,YAZ,205/65R15,218017,REVOLA,8029.0,8029.0
LASSA,YAZ,195/65R15,218048,REVOLA,4820.0,4820.0
LASSA,YAZ,195/65R15,218027,REVOLA,4969.0,4969.0
LASSA,4 MEVSIM,195/65R15,213114,MULTIWAYS 2,5092.0,5092.0
LASSA,YAZ,185/65R15,218049,REVOLA,4839.0,4839.0
LASSA,YAZ,185/65R15,218006,REVOLA,4969.0,4969.0
LASSA,4 MEVSIM,185/65R15,213109,MULTIWAYS 2,5092.0,5092.0
LASSA,YAZ,175/65R15,214565,GREENWAYS,5523.0,5523.0
LASSA,4 MEVSIM,175/65R15,213146,MULTIWAYS 2,5737.0,5737.0
LASSA,YAZ,165/65R15,214517,GREENWAYS,4749.0,4749.0
LASSA,YAZ,185/55R14,214547,GREENWAYS,3838.0,3838.0
LASSA,YAZ,205/60R14,214514,GREENWAYS,4718.0,4718.0
LASSA,YAZ,185/60R14,214520,GREENWAYS,4688.0,4688.0
LASSA,4 MEVSIM,185/60R14,213106,MULTIWAYS 2,4950.0,4950.0
LASSA,YAZ,165/60R14,214542,GREENWAYS,5549.0,5549.0
LASSA,4 MEVSIM,185/65R14,213108,MULTIWAYS 2,4818.0,4818.0
LASSA,YAZ,185/65R14,214494,GREENWAYS,4535.0,4535.0
LASSA,YAZ,175/65R14,214493,GREENWAYS,4235.0,4235.0
LASSA,4 MEVSIM,175/65R14,213103,MULTIWAYS 2,4465.0,4465.0
LASSA,YAZ,175/65R14,214492,GREENWAYS,4342.0,4342.0
LASSA,YAZ,165/65R14,214549,GREENWAYS,4702.0,4702.0
LASSA,YAZ,155/65R14,214509,GREENWAYS,3673.0,3673.0
LASSA,4 MEVSIM,155/65R14,213104,MULTIWAYS 2,4049.0,4049.0
LASSA,YAZ,195/70R14,214605,GREENWAYS,7001.0,7001.0
LASSA,YAZ,185/70R14,214608,GREENWAYS,5345.0,5345.0
LASSA,YAZ,175/70R14,214606,GREENWAYS,4820.0,4820.0
LASSA,YAZ,175/70R14,214561,GREENWAYS,4943.0,4943.0
LASSA,4 MEVSIM,175/70R14,213105,MULTIWAYS 2,5178.0,5178.0
LASSA,YAZ,165/70R14,214490,GREENWAYS,4608.0,4608.0
LASSA,YAZ,165/70R14,214491,GREENWAYS,4709.0,4709.0
LASSA,4 MEVSIM,165/70R14,213101,MULTIWAYS 2,5157.0,5157.0
LASSA,YAZ,175/80R14,214604,GREENWAYS,5726.0,5726.0
LASSA,YAZ,165/65R13,214533,GREENWAYS,4632.0,4632.0
LASSA,YAZ,155/65R13,214531,GREENWAYS,3624.0,3624.0
LASSA,YAZ,185/70R13,214537,GREENWAYS,6200.0,6200.0
LASSA,YAZ,175/70R13,214607,GREENWAYS,3926.0,3926.0
LASSA,YAZ,165/70R13,214609,GREENWAYS,4305.0,4305.0
LASSA,YAZ,155/70R13,214539,GREENWAYS,4098.0,4098.0
LASSA,YAZ,165/80R13,214535,GREENWAYS,3887.0,3887.0
LASSA,YAZ,155/80R13,214603,GREENWAYS,4237.0,4237.0
LASSA,YAZ,295/35R21,212707,COMPETUS H/P 3,15062.0,15062.0
LASSA,YAZ,275/45R21,212716,COMPETUS H/P 3,17115.0,17115.0
LASSA,YAZ,275/40R20,212715,COMPETUS H/P 3,14523.0,14523.0
LASSA,YAZ,275/45R20,212702,COMPETUS H/P 3,16448.0,16448.0
LASSA,YAZ,255/45R20,212713,COMPETUS H/P 3,18469.0,18469.0
LASSA,YAZ,245/45R20,212711,COMPETUS H/P 3,15284.0,15284.0
LASSA,YAZ,265/50R20,216827,COMPETUS H/P 2,18996.0,18996.0
LASSA,YAZ,255/50R20,212714,COMPETUS H/P 3,15260.0,15260.0
LASSA,YAZ,255/55R20,216651,COMPETUS H/P 2,16280.0,16280.0
LASSA,YAZ,285/45R19,216812,COMPETUS H/P 2,14646.0,14646.0
LASSA,YAZ,275/45R19,216828,COMPETUS H/P 2,13093.0,13093.0
LASSA,YAZ,265/50R19,216801,COMPETUS H/P 2,14415.0,14415.0
LASSA,YAZ,245/45R19,217004,COMPETUS H/P 3,14015.0,14015.0
LASSA,YAZ,225/45R19,217020,COMPETUS H/P 3,13747.0,13747.0
LASSA,YAZ,255/50R19,217016,COMPETUS H/P 3,13021.0,13021.0
LASSA,YAZ,235/50R19,216703,COMPETUS H/P 2,11241.0,11241.0
LASSA,YAZ,235/50R19,216809,COMPETUS H/P 2,11345.0,11345.0
LASSA,YAZ,255/55R19,212704,COMPETUS H/P 3,11269.0,11269.0
LASSA,YAZ,235/55R19,217013,COMPETUS H/P 3,10990.0,10990.0
LASSA,YAZ,225/55R19,217003,COMPETUS H/P 3,9703.0,9703.0
LASSA,YAZ,205/55R19,212703,COMPETUS H/P 3,10575.0,10575.0
LASSA,YAZ,235/50R18,217005,COMPETUS H/P 3,10629.0,10629.0
LASSA,YAZ,225/50R18,217010,COMPETUS H/P 3,12592.0,12592.0
LASSA,YAZ,215/50R18,212717,COMPETUS H/P 3,9965.0,9965.0
LASSA,YAZ,255/55R18,212705,COMPETUS H/P 3,10123.0,10123.0
LASSA,YAZ,235/55R18,217012,COMPETUS H/P 3,9478.0,9478.0
LASSA,YAZ,225/55R18,217019,COMPETUS H/P 3,9556.0,9556.0
LASSA,4 MEVSIM,225/55R18,213145,MULTIWAYS 2,10332.0,10332.0
LASSA,YAZ,215/55R18,217009,COMPETUS H/P 3,10350.0,10350.0
LASSA,YAZ,265/60R18,216724,COMPETUS A/T 3,11534.0,11534.0
LASSA,YAZ,265/60R18,217018,COMPETUS H/P 3,11536.0,11536.0
LASSA,YAZ,255/60R18,216719,COMPETUS A/T 3,10289.0,10289.0
LASSA,YAZ,255/60R18,217017,COMPETUS H/P 3,10296.0,10296.0
LASSA,YAZ,235/60R18,217014,COMPETUS H/P 3,9869.0,9869.0
LASSA,YAZ,225/60R18,216702,COMPETUS H/P 2,9945.0,9945.0
LASSA,YAZ,225/60R18,216822,COMPETUS H/P,9945.0,9945.0
LASSA,YAZ,235/55R17,217007,COMPETUS H/P 3,9697.0,9697.0
LASSA,4 MEVSIM,235/55R17,213149,MULTIWAYS 2,9802.0,9802.0
LASSA,YAZ,235/60R17,216802,COMPETUS H/P 2,9186.0,9186.0
LASSA,YAZ,255/60R17,216740,COMPETUS H/P,10093.0,10093.0
LASSA,YAZ,225/60R17,217011,COMPETUS H/P 3,10611.0,10611.0
LASSA,YAZ,215/60R17,217006,COMPETUS H/P 3,8490.0,8490.0
LASSA,4 MEVSIM,215/60R17,213137,MULTIWAYS 2,9262.0,9262.0
LASSA,YAZ,265/65R17,216588,COMPETUS A/T 3,10935.0,10935.0
LASSA,YAZ,255/65R17,216721,COMPETUS A/T 3,9911.0,9911.0
LASSA,YAZ,245/65R17,216717,COMPETUS A/T 3,9927.0,9927.0
LASSA,YAZ,245/65R17,216813,COMPETUS H/P 2,9748.0,9748.0
LASSA,YAZ,235/65R17,216714,COMPETUS A/T 3,9034.0,9034.0
LASSA,4 MEVSIM,235/65R17,213606,MULTIWAYS 4*4,9512.0,9512.0
LASSA,YAZ,235/65R17,216411,COMPETUS H/L,8791.0,8791.0
LASSA,YAZ,235/65R17,217015,COMPETUS H/P 3,8969.0,8969.0
LASSA,4 MEVSIM,225/65R17,213603,MULTIWAYS 4*4,10216.0,10216.0
LASSA,YAZ,215/65R17,217008,COMPETUS H/P 3,8708.0,8708.0
LASSA,4 MEVSIM,235/60R16,213151,MULTIWAYS 2,7988.0,7988.0
LASSA,YAZ,235/60R16,212708,COMPETUS H/P 3,7325.0,7325.0
LASSA,YAZ,235/60R16,216161,COMPETUS H/L,7182.0,7182.0
LASSA,YAZ,255/65R16,216177,COMPETUS H/L,9079.0,9079.0
LASSA,YAZ,215/65R16,217001,COMPETUS H/P 3,6819.0,6819.0
LASSA,YAZ,215/65R16,216709,COMPETUS A/T 3,6821.0,6821.0
LASSA,4 MEVSIM,215/65R16,213138,MULTIWAYS 2,7149.0,7149.0
LASSA,YAZ,265/70R16,216726,COMPETUS A/T 3,10246.0,10246.0
LASSA,YAZ,265/70R16,216178,COMPETUS H/L,9912.0,9912.0
LASSA,YAZ,255/70R16,216723,COMPETUS A/T 3,9599.0,9599.0
LASSA,YAZ,245/70R16,216718,COMPETUS A/T 3,8800.0,8800.0
LASSA,YAZ,245/70R16,216173,COMPETUS H/L,8626.0,8626.0
LASSA,YAZ,235/70R16,216715,COMPETUS A/T 3,7655.0,7655.0
LASSA,YAZ,225/70R16,216713,COMPETUS A/T 3,8547.0,8547.0
LASSA,4 MEVSIM,215/70R16,213602,MULTIWAYS 4*4,7460.0,7460.0
LASSA,YAZ,215/70R16,216180,COMPETUS H/L,7613.0,7613.0
LASSA,YAZ,205/70R16,216707,COMPETUS A/T 3,7212.0,7212.0
LASSA,YAZ,265/70R15,216725,COMPETUS A/T 3,9228.0,9228.0
LASSA,YAZ,255/70R15,216722,COMPETUS A/T 3,10530.0,10530.0
LASSA,YAZ,205/70R15,216706,COMPETUS A/T 3,6882.0,6882.0
LASSA,YAZ,235/75R15,216716,COMPETUS A/T 3,7837.0,7837.0
LASSA,YAZ,205/80R16,216708,COMPETUS A/T 3,7384.0,7384.0
LASSA,YAZ,215/80R15,216712,COMPETUS A/T 3,7451.0,7451.0
LASSA,YAZ,195/80R15,216704,COMPETUS A/T 3,7101.0,7101.0
LASSA,4 MEVSIM,225/55R17,243363,MULTIWAYS-C 2,10764.0,10764.0
LASSA,YAZ,215/60R17,243745,TRANSWAY 3,11388.0,11388.0
LASSA,4 MEVSIM,215/60R17,243359,MULTIWAYS-C 2,10474.0,10474.0
LASSA,YAZ,215/60R16,243805,TRANSWAY 3,12055.0,12055.0
LASSA,YAZ,195/60R16,243779,TRANSWAY 3,9123.0,9123.0
LASSA,4 MEVSIM,195/60R16,242352,MULTIWAYS-C 2,9382.0,9382.0
LASSA,YAZ,285/65R16,243874,TRANSWAY,19339.0,19339.0
LASSA,4 MEVSIM,285/65R16,243097,MULTIWAYS-C,20205.0,20205.0
LASSA,YAZ,235/65R16,243537, TRANSWAY 3+,11274.0,11274.0
LASSA,YAZ,235/65R16,243437,TRANSWAY A/T,11422.0,11422.0
LASSA,YAZ,235/65R16,243693,TRANSWAY 2,11274.0,11274.0
LASSA,YAZ,235/65R16,243673,TRANSWAY 2,10415.0,10415.0
LASSA,YAZ,235/65R16,243670,TRANSWAY,10415.0,10415.0
LASSA,4 MEVSIM,235/65R16,243385,MULTIWAYS-C 2,11602.0,11602.0
LASSA,4 MEVSIM,235/65R16,243368,MULTIWAYS-C 2,12668.0,12668.0
LASSA,YAZ,225/65R16,243749,TRANSWAY 3,11556.0,11556.0
LASSA,4 MEVSIM,225/65R16,243364,MULTIWAYS-C 2,12209.0,12209.0
LASSA,YAZ,215/65R16,243747,TRANSWAY 3,10131.0,10131.0
LASSA,4 MEVSIM,215/65R16,243360,MULTIWAYS-C 2,10882.0,10882.0
LASSA,YAZ,205/65R16,243534, TRANSWAY 3+,9408.0,9408.0
LASSA,4 MEVSIM,205/65R16,243356,MULTIWAYS-C 2,10068.0,10068.0
LASSA,YAZ,195/65R16,243799,TRANSWAY 3,9825.0,9825.0
LASSA,YAZ,225/75R16,243539, TRANSWAY 3+,10489.0,10489.0
LASSA,YAZ,225/75R16,243435,TRANSWAY 2,10489.0,10489.0
LASSA,4 MEVSIM,225/75R16,243366,MULTIWAYS-C 2,10099.0,10099.0
LASSA,YAZ,215/75R16,243535, TRANSWAY 3+,9443.0,9443.0
LASSA,YAZ,215/75R16,243826,TRANSWAY,9263.0,9263.0
LASSA,YAZ,215/75R16,243439,TRANSWAY A/T,9510.0,9510.0
LASSA,4 MEVSIM,215/75R16,243383,MULTIWAYS-C 2,9832.0,9832.0
LASSA,4 MEVSIM,215/75R16,243362,MULTIWAYS-C 2,10029.0,10029.0
LASSA,YAZ,205/75R16,243823,TRANSWAY,8962.0,8962.0
LASSA,YAZ,205/75R16,243744,TRANSWAY 3,9227.0,9227.0
LASSA,YAZ,205/75R16,243502,TRANSWAY A/T,9369.0,9369.0
LASSA,4 MEVSIM,205/75R16,243382,MULTIWAYS-C 2,9522.0,9522.0
LASSA,4 MEVSIM,205/75R16,243357,MULTIWAYS-C 2,9522.0,9522.0
LASSA,YAZ,195/75R16,243707,TRANSWAY 2,7943.0,7943.0
LASSA,YAZ,195/75R16,243643,TRANSWAY,7943.0,7943.0
LASSA,YAZ,195/75R16,243742,TRANSWAY 3,8101.0,8101.0
LASSA,4 MEVSIM,195/75R16,242381,MULTIWAYS-C 2,8518.0,8518.0
LASSA,4 MEVSIM,195/75R16,242354,MULTIWAYS-C 2,8684.0,8684.0
LASSA,YAZ,185/75R16,243750,TRANSWAY 3,8456.0,8456.0
LASSA,YAZ,185/75R16,243501,TRANSWAY A/T,8617.0,8617.0
LASSA,4 MEVSIM,185/75R16,242350,MULTIWAYS-C 2,8983.0,8983.0
LASSA,YAZ,175/75R16,243816,TRANSWAY,8822.0,8822.0
LASSA,4 MEVSIM,175/75R16,243391,MULTIWAYS-C,9151.0,9151.0
LASSA,YAZ,215/65R15,243746,TRANSWAY 3,10716.0,10716.0
LASSA,4 MEVSIM,215/65R15,243358,MULTIWAYS-C 2,9830.0,9830.0
LASSA,YAZ,205/65R15,242996,TRANSWAY 2,9269.0,9269.0
LASSA,YAZ,205/65R15,242822,TRANSWAY,9269.0,9269.0
LASSA,4 MEVSIM,205/65R15,242397,MULTIWAYS-C,9650.0,9650.0
LASSA,YAZ,205/70R15,243804,TRANSWAY 3,9042.0,9042.0
LASSA,YAZ,225/70R15,242698,TRANSWAY 2,8593.0,8593.0
LASSA,YAZ,225/70R15,242542,TRANSWAY,8593.0,8593.0
LASSA,YAZ,225/70R15,243755,TRANSWAY 3,8901.0,8901.0
LASSA,YAZ,225/70R15,242500,TRANSWAY A/T,8686.0,8686.0
LASSA,4 MEVSIM,225/70R15,242384,MULTIWAYS-C 2,9069.0,9069.0
LASSA,4 MEVSIM,225/70R15,242365,MULTIWAYS-C 2,9386.0,9386.0
LASSA,YAZ,215/70R15,243806,TRANSWAY 3,10420.0,10420.0
LASSA,4 MEVSIM,215/70R15,243378,MULTIWAYS-C 2,10844.0,10844.0
LASSA,YAZ,195/70R15,243802,TRANSWAY 3,7457.0,7457.0
LASSA,4 MEVSIM,195/70R15,242353,MULTIWAYS-C 2,7674.0,7674.0
LASSA,YAZ,175/65R14,242691,TRANSWAY 2,5523.0,5523.0
LASSA,YAZ,165/70R14,242520,TRANSWAY 2,6767.0,6767.0
LASSA,YAZ,175/75R14,242694,TRANSWAY 2,7112.0,7112.0
LASSA,YAZ,195R15,242254,TRANSWAY,7632.0,7632.0
LASSA,YAZ,195R14,243803,TRANSWAY 3,6610.0,6610.0
LASSA,4 MEVSIM,195R14,242355,MULTIWAYS-C 2,6860.0,6860.0
LASSA,YAZ,185R14,243778,TRANSWAY 3,6051.0,6051.0
LASSA,4 MEVSIM,185R14,242351,MULTIWAYS-C 2,6312.0,6312.0
LASSA,YAZ,165R13,242142,LC/R,5181.0,5181.0
LASSA,YAZ,155R13,242132,LC/R,4592.0,4592.0
LASSA,YAZ,155R12,242051,LC/R,4078.0,4078.0
BRIDGESTONE,YAZ,315/30R22,519687,TURANZA 6,28715.0,28715.0
BRIDGESTONE,YAZ,325/35R22,572981,POTENZA SPORT,32671.0,32671.0
BRIDGESTONE,YAZ,295/35R22,519686,POTENZA SPORT,26879.0,26879.0
BRIDGESTONE,YAZ,285/35R22,511163,POTENZA SPORT,30159.0,30159.0
BRIDGESTONE,YAZ,275/35R22,519873,TURANZA 6,23865.0,23865.0
BRIDGESTONE,YAZ,285/40R22,517812,POTENZA SPORT,34885.0,34885.0
BRIDGESTONE,YAZ,265/40R22,511190,POTENZA SPORT,25736.0,25736.0
BRIDGESTONE,YAZ,255/40R22,519685,POTENZA SPORT,24039.0,24039.0
BRIDGESTONE,YAZ,325/30R21,511241,POTENZA SPORT,28548.0,28548.0
BRIDGESTONE,YAZ,315/30R21,519824,TURANZA 6,34885.0,34885.0
BRIDGESTONE,YAZ,285/30R21,511180,POTENZA SPORT,26784.0,26784.0
BRIDGESTONE,YAZ,275/30R21,511097,POTENZA SPORT,29713.0,29713.0
BRIDGESTONE,YAZ,285/35R21,519987,TURANZA 6,26324.0,26324.0
BRIDGESTONE,YAZ,285/35R21,511199,POTENZA SPORT,26844.0,26844.0
BRIDGESTONE,YAZ,275/35R21,511198,POTENZA SPORT,25897.0,25897.0
BRIDGESTONE,YAZ,265/35R21,511092,POTENZA SPORT,25543.0,25543.0
BRIDGESTONE,YAZ,255/35R21,519820,TURANZA 6,23154.0,23154.0
BRIDGESTONE,YAZ,245/35R21,511048,POTENZA SPORT,22680.0,22680.0
BRIDGESTONE,YAZ,315/40R21,519683,TURANZA 6,25176.0,25176.0
BRIDGESTONE,YAZ,295/40R21,519678,POTENZA SPORT,27995.0,27995.0
BRIDGESTONE,YAZ,255/40R21,519986,TURANZA 6,26433.0,26433.0
BRIDGESTONE,YAZ,245/40R21,519823,TURANZA 6,23897.0,23897.0
BRIDGESTONE,YAZ,285/45R21,519885,TURANZA 6,29123.0,29123.0
BRIDGESTONE,YAZ,255/45R21,571767,POTENZA SPORT,26093.0,26093.0
BRIDGESTONE,YAZ,255/50R21,511239,ALENZA 001,18635.0,18635.0
BRIDGESTONE,YAZ,235/50R21,514810,ALENZA 001,24524.0,24524.0
BRIDGESTONE,YAZ,305/30R20,511167,POTENZA SPORT,24295.0,24295.0
BRIDGESTONE,YAZ,295/30R20,511047,POTENZA SPORT,22881.0,22881.0
BRIDGESTONE,YAZ,285/30R20,511179,POTENZA SPORT,21374.0,21374.0
BRIDGESTONE,YAZ,275/30R20,511096,POTENZA SPORT,22201.0,22201.0
BRIDGESTONE,YAZ,275/30R20,519694,RE050A RFT,27371.0,27371.0
BRIDGESTONE,YAZ,265/30R20,511196,POTENZA SPORT,20972.0,20972.0
BRIDGESTONE,YAZ,255/30R20,511067,POTENZA SPORT,23202.0,23202.0
BRIDGESTONE,YAZ,255/30R20,511544,T005 RFT,26832.0,26832.0
BRIDGESTONE,YAZ,245/30R20,511173,POTENZA SPORT,19856.0,19856.0
BRIDGESTONE,YAZ,295/35R20,511046,POTENZA SPORT,24425.0,24425.0
BRIDGESTONE,YAZ,295/35R20,519047,S007,23507.0,23507.0
BRIDGESTONE,YAZ,285/35R20,511069,POTENZA SPORT,21374.0,21374.0
BRIDGESTONE,YAZ,285/35R20,511546,T005 EXT,25754.0,25754.0
BRIDGESTONE,YAZ,275/35R20,511177,POTENZA SPORT,20096.0,20096.0
BRIDGESTONE,YAZ,275/35R20,519223,S001 RFT,24133.0,24133.0
BRIDGESTONE,YAZ,265/35R20,511068,POTENZA SPORT,23012.0,23012.0
BRIDGESTONE,YAZ,255/35R20,511075,POTENZA SPORT,18263.0,18263.0
BRIDGESTONE,YAZ,245/35R20,511066,POTENZA SPORT,19458.0,19458.0
BRIDGESTONE,YAZ,245/35R20,519035,S007,19074.0,19074.0
BRIDGESTONE,YAZ,245/35R20,519693,RE050A RFT,22540.0,22540.0
BRIDGESTONE,YAZ,225/35R20,511539,T005 RFT,21427.0,21427.0
BRIDGESTONE,YAZ,285/40R20,511396,TURANZA 6,21850.0,21850.0
BRIDGESTONE,YAZ,265/40R20,511176,POTENZA SPORT,23833.0,23833.0
BRIDGESTONE,YAZ,255/40R20,511175,POTENZA SPORT,22201.0,22201.0
BRIDGESTONE,YAZ,255/40R20,519048,S007,19853.0,19853.0
BRIDGESTONE,YAZ,255/40R20,511545,T005 EXT,27387.0,27387.0
BRIDGESTONE,YAZ,255/40R20,545140,T005,22772.0,22772.0
BRIDGESTONE,YAZ,245/40R20,511045,POTENZA SPORT,24016.0,24016.0
BRIDGESTONE,YAZ,245/40R20,519091,S001,23457.0,23457.0
BRIDGESTONE,YAZ,245/40R20,519222,S001 RFT,27347.0,27347.0
BRIDGESTONE,YAZ,255/45R20,511395,TURANZA 6,24158.0,24158.0
BRIDGESTONE,YAZ,245/45R20,519970,TURANZA 6,18323.0,18323.0
BRIDGESTONE,4 MEVSIM,245/45R20,519875,TURANZA ALL SEASON 6,19412.0,19412.0
BRIDGESTONE,YAZ,215/45R20,519259,S001,25484.0,25484.0
BRIDGESTONE,4 MEVSIM,215/45R20,519878,TURANZA ALL SEASON 6,25950.0,25950.0
BRIDGESTONE,YAZ,195/50R20,511521,EP500,23108.0,23108.0
BRIDGESTONE,YAZ,195/50R20,519258,S001,23808.0,23808.0
BRIDGESTONE,YAZ,175/55R20,519079,EP500,16738.0,16738.0
BRIDGESTONE,YAZ,175/55R20,511520,EP500,17420.0,17420.0
BRIDGESTONE,YAZ,155/60R20,519083,EP500,13010.0,13010.0
BRIDGESTONE,YAZ,305/30R19,511064,POTENZA SPORT,22606.0,22606.0
BRIDGESTONE,YAZ,295/30R19,511182,POTENZA SPORT,22929.0,22929.0
BRIDGESTONE,YAZ,285/30R19,511178,POTENZA SPORT,22387.0,22387.0
BRIDGESTONE,YAZ,275/30R19,511095,POTENZA SPORT,19372.0,19372.0
BRIDGESTONE,YAZ,265/30R19,511090,POTENZA SPORT,19770.0,19770.0
BRIDGESTONE,YAZ,255/30R19,511087,POTENZA SPORT,18079.0,18079.0
BRIDGESTONE,YAZ,285/35R19,511100,POTENZA SPORT,23373.0,23373.0
BRIDGESTONE,YAZ,275/35R19,519922,T005 RFT,22064.0,22064.0
BRIDGESTONE,YAZ,265/35R19,511043,POTENZA SPORT,22714.0,22714.0
BRIDGESTONE,YAZ,255/35R19,519983,TURANZA 6,15330.0,15330.0
BRIDGESTONE,4 MEVSIM,255/35R19,519882,TURANZA ALL SEASON 6,16481.0,16481.0
BRIDGESTONE,YAZ,255/35R19,511422,T005 RFT,20189.0,20189.0
BRIDGESTONE,YAZ,245/35R19,511083,POTENZA SPORT,16768.0,16768.0
BRIDGESTONE,YAZ,235/35R19,519426,TURANZA 6,14512.0,14512.0
BRIDGESTONE,YAZ,235/35R19,519005,T005,14230.0,14230.0
BRIDGESTONE,YAZ,235/35R19,548002,POTENZA SPORT,14785.0,14785.0
BRIDGESTONE,YAZ,225/35R19,519892,TURANZA 6,14415.0,14415.0
BRIDGESTONE,YAZ,225/35R19,518989,S001 RFT,17476.0,17476.0
BRIDGESTONE,YAZ,285/40R19,511164,POTENZA SPORT,24413.0,24413.0
BRIDGESTONE,YAZ,275/40R19,519985,TURANZA 6,19113.0,19113.0
BRIDGESTONE,4 MEVSIM,275/40R19,545133,TURANZA ALL SEASON 6,19812.0,19812.0
BRIDGESTONE,YAZ,275/40R19,511098,POTENZA SPORT,19432.0,19432.0
BRIDGESTONE,YAZ,275/40R19,519639,S001 EXT,23223.0,23223.0
BRIDGESTONE,YAZ,275/40R19,519699,S001 RFT,23223.0,23223.0
BRIDGESTONE,YAZ,265/40R19,511197,POTENZA SPORT,23068.0,23068.0
BRIDGESTONE,YAZ,255/40R19,519984,TURANZA 6,16782.0,16782.0
BRIDGESTONE,4 MEVSIM,255/40R19,518992,TURANZA ALL SEASON 6,17392.0,17392.0
BRIDGESTONE,4 MEVSIM,255/40R19,548032,TURANZA ALL SEASON 6,17392.0,17392.0
BRIDGESTONE,YAZ,255/40R19,511063,POTENZA SPORT,17096.0,17096.0
BRIDGESTONE,YAZ,245/40R19,611536,TURANZA 6,15298.0,15298.0
BRIDGESTONE,4 MEVSIM,245/40R19,545126,TURANZA ALL SEASON 6,16906.0,16906.0
BRIDGESTONE,YAZ,245/40R19,519008,T005 RFT,17259.0,17259.0
BRIDGESTONE,YAZ,235/40R19,519315,TURANZA 6,16211.0,16211.0
BRIDGESTONE,4 MEVSIM,235/40R19,519880,TURANZA ALL SEASON 6,18587.0,18587.0
BRIDGESTONE,YAZ,225/40R19,519979,TURANZA 6,16768.0,16768.0
BRIDGESTONE,YAZ,225/40R19,522306,TURANZA 6,16768.0,16768.0
BRIDGESTONE,YAZ,225/40R19,519003,T005 RFT,18752.0,18752.0
BRIDGESTONE,4 MEVSIM,225/40R19,519679,TURANZA ALL SEASON 6,18018.0,18018.0
BRIDGESTONE,YAZ,225/40R19,511071,POTENZA SPORT,17087.0,17087.0
BRIDGESTONE,YAZ,255/45R19,572717,TURANZA 6,17988.0,17988.0
BRIDGESTONE,YAZ,255/45R19,528483,TURANZA 6,18347.0,18347.0
BRIDGESTONE,YAZ,255/45R19,531507,TURANZA 6,18347.0,18347.0
BRIDGESTONE,4 MEVSIM,255/45R19,519883,TURANZA ALL SEASON 6,18398.0,18398.0
BRIDGESTONE,YAZ,255/45R19,511089,POTENZA SPORT,18217.0,18217.0
BRIDGESTONE,YAZ,245/45R19,611539,TURANZA 6,16603.0,16603.0
BRIDGESTONE,4 MEVSIM,245/45R19,516400,TURANZA ALL SEASON 6,18041.0,18041.0
BRIDGESTONE,YAZ,245/45R19,527105,TURANZA 6 ,21442.0,21442.0
BRIDGESTONE,YAZ,245/45R19,519296,S001 EXT,21021.0,21021.0
BRIDGESTONE,YAZ,245/45R19,519297,S001 RFT,21021.0,21021.0
BRIDGESTONE,YAZ,235/45R19,519978,TURANZA 6,16671.0,16671.0
BRIDGESTONE,4 MEVSIM,235/45R19,519881,TURANZA ALL SEASON 6,20287.0,20287.0
BRIDGESTONE,YAZ,225/45R19,519543,S001 RFT,18111.0,18111.0
BRIDGESTONE,YAZ,245/50R19,519425,TURANZA 6,16909.0,16909.0
BRIDGESTONE,YAZ,175/60R19,521126,EP500,14537.0,14537.0
BRIDGESTONE,YAZ,155/70R19,521125,EP500,11131.0,11131.0
BRIDGESTONE,YAZ,285/35R18,511099,POTENZA SPORT,18970.0,18970.0
BRIDGESTONE,YAZ,285/35R18,517720,S001,18593.0,18593.0
BRIDGESTONE,YAZ,285/35R18,519224,S001 EXT,21990.0,21990.0
BRIDGESTONE,YAZ,275/35R18,511079,POTENZA SPORT,18737.0,18737.0
BRIDGESTONE,YAZ,265/35R18,514454,TURANZA 6,15425.0,15425.0
BRIDGESTONE,YAZ,255/35R18,519314,TURANZA 6,13733.0,13733.0
BRIDGESTONE,YAZ,255/35R18,511195,POTENZA SPORT,13965.0,13965.0
BRIDGESTONE,YAZ,245/35R18,518776,S001 RFT,17261.0,17261.0
BRIDGESTONE,YAZ,275/40R18,511070,POTENZA SPORT,21732.0,21732.0
BRIDGESTONE,YAZ,275/40R18,518119,ER300-RFT,23753.0,23753.0
BRIDGESTONE,YAZ,265/40R18,511078,POTENZA SPORT,17482.0,17482.0
BRIDGESTONE,YAZ,255/40R18,511248,T005 EXT,19256.0,19256.0
BRIDGESTONE,YAZ,255/40R18,518033,T005 RFT,19256.0,19256.0
BRIDGESTONE,YAZ,255/40R18,511076,POTENZA SPORT,17417.0,17417.0
BRIDGESTONE,YAZ,255/40R18,518978,S001 EXT,19256.0,19256.0
BRIDGESTONE,YAZ,245/40R18,610110,TURANZA 6,11237.0,11237.0
BRIDGESTONE,YAZ,245/40R18,512036,POTENZA SPORT,11450.0,11450.0
BRIDGESTONE,YAZ,245/40R18,511005,T005 EXT,13253.0,13253.0
BRIDGESTONE,4 MEVSIM,245/40R18,619028,TURANZA ALL SEASON 6,12518.0,12518.0
BRIDGESTONE,YAZ,245/40R18,519887,S001 EXT,12880.0,12880.0
BRIDGESTONE,YAZ,245/40R18,619008,T005 DRIVEGUARD,11670.0,11670.0
BRIDGESTONE,YAZ,235/40R18,519890,TURANZA 6,10890.0,10890.0
BRIDGESTONE,4 MEVSIM,235/40R18,545125,TURANZA ALL SEASON 6,12365.0,12365.0
BRIDGESTONE,YAZ,225/40R18,611515,TURANZA 6,8103.0,8103.0
BRIDGESTONE,YAZ,225/40R18,510070,T005,7945.0,7945.0
BRIDGESTONE,4 MEVSIM,225/40R18,619024,TURANZA ALL SEASON 6,9117.0,9117.0
BRIDGESTONE,YAZ,225/40R18,511540,T005 RFT,10143.0,10143.0
BRIDGESTONE,YAZ,225/40R18,529094,T001 EXT,9923.0,9923.0
BRIDGESTONE,YAZ,225/40R18,619003,T005 DRIVEGUARD,8487.0,8487.0
BRIDGESTONE,YAZ,215/40R18,519876,POTENZA SPORT,12963.0,12963.0
BRIDGESTONE,YAZ,275/45R18,511059,POTENZA SPORT,20325.0,20325.0
BRIDGESTONE,YAZ,265/45R18,511058,POTENZA SPORT,22155.0,22155.0
BRIDGESTONE,YAZ,255/45R18,519982,TURANZA 6,14945.0,14945.0
BRIDGESTONE,YAZ,245/45R18,610888,TURANZA 6,12114.0,12114.0
BRIDGESTONE,4 MEVSIM,245/45R18,619029,TURANZA ALL SEASON 6,13354.0,13354.0
BRIDGESTONE,YAZ,245/45R18,519284,ER300-RFT,14309.0,14309.0
BRIDGESTONE,YAZ,245/45R18,519785,T005 RFT,14961.0,14961.0
BRIDGESTONE,YAZ,245/45R18,619009,T005 DRIVEGUARD,13414.0,13414.0
BRIDGESTONE,YAZ,235/45R18,518993,TURANZA 6,13379.0,13379.0
BRIDGESTONE,YAZ,235/45R18,610883,TURANZA 6,13405.0,13405.0
BRIDGESTONE,4 MEVSIM,235/45R18,619027,TURANZA ALL SEASON 6,14251.0,14251.0
BRIDGESTONE,YAZ,225/45R18,610881,TURANZA 6,12538.0,12538.0
BRIDGESTONE,YAZ,225/45R18,518003,T005 EXT,14539.0,14539.0
BRIDGESTONE,YAZ,225/45R18,511003,T005 EXT,14539.0,14539.0
BRIDGESTONE,YAZ,225/45R18,518004,T005 RFT,14539.0,14539.0
BRIDGESTONE,4 MEVSIM,225/45R18,619025,TURANZA ALL SEASON 6,13757.0,13757.0
BRIDGESTONE,YAZ,225/45R18,519886,S001 EXT,14047.0,14047.0
BRIDGESTONE,YAZ,225/45R18,619011,T005 DRIVEGUARD,13355.0,13355.0
BRIDGESTONE,YAZ,245/50R18,519891,TURANZA 6,15425.0,15425.0
BRIDGESTONE,YAZ,245/50R18,519888,S001 EXT,19566.0,19566.0
BRIDGESTONE,YAZ,245/50R18,519990,S001 RFT,19566.0,19566.0
BRIDGESTONE,YAZ,225/50R18,511542,T005 RFT,18670.0,18670.0
BRIDGESTONE,4 MEVSIM,225/50R18,517600,TURANZA ALL SEASON 6,15381.0,15381.0
BRIDGESTONE,YAZ,215/50R18,519977,TURANZA 6,11756.0,11756.0
BRIDGESTONE,4 MEVSIM,195/60R18,519684,TURANZA ALL SEASON 6,10980.0,10980.0
BRIDGESTONE,YAZ,245/40R17,519980,TURANZA 6,10613.0,10613.0
BRIDGESTONE,YAZ,245/40R17,518316,S001 RFT,14833.0,14833.0
BRIDGESTONE,YAZ,215/40R17,519358,TURANZA 6,9629.0,9629.0
BRIDGESTONE,YAZ,255/45R17,518875,S001 RFT,21780.0,21780.0
BRIDGESTONE,YAZ,245/45R17,610884,TURANZA 6,11523.0,11523.0
BRIDGESTONE,4 MEVSIM,245/45R17,519818,TURANZA ALL SEASON 6,12323.0,12323.0
BRIDGESTONE,4 MEVSIM,235/45R17,519870,TURANZA ALL SEASON 6,10892.0,10892.0
BRIDGESTONE,YAZ,225/45R17,526785,TURANZA 6,7298.0,7298.0
BRIDGESTONE,YAZ,225/45R17,610879,TURANZA 6,7156.0,7156.0
BRIDGESTONE,YAZ,225/45R17,519043,T005,7023.0,7023.0
BRIDGESTONE,4 MEVSIM,225/45R17,619021,TURANZA ALL SEASON 6,8024.0,8024.0
BRIDGESTONE,YAZ,225/45R17,519206,T001 EXT,8603.0,8603.0
BRIDGESTONE,YAZ,225/45R17,511541,T005 RFT,8806.0,8806.0
BRIDGESTONE,YAZ,225/45R17,619004,T005 DRIVEGUARD,8052.0,8052.0
BRIDGESTONE,YAZ,205/45R17,520526,TURANZA 6,8891.0,8891.0
BRIDGESTONE,YAZ,205/45R17,617320,T005,8717.0,8717.0
BRIDGESTONE,4 MEVSIM,205/45R17,519877,TURANZA ALL SEASON 6,10278.0,10278.0
BRIDGESTONE,YAZ,225/50R17,611519,TURANZA 6,10588.0,10588.0
BRIDGESTONE,4 MEVSIM,225/50R17,619022,TURANZA ALL SEASON 6,11628.0,11628.0
BRIDGESTONE,YAZ,225/50R17,511004,T005 EXT,12272.0,12272.0
BRIDGESTONE,YAZ,225/50R17,517003,T005 RFT,12272.0,12272.0
BRIDGESTONE,YAZ,225/50R17,518872,S001 RFT,11882.0,11882.0
BRIDGESTONE,YAZ,225/50R17,619005,T005 DRIVEGUARD,11278.0,11278.0
BRIDGESTONE,YAZ,215/50R17,610876,TURANZA 6,10737.0,10737.0
BRIDGESTONE,4 MEVSIM,215/50R17,519815,TURANZA ALL SEASON 6,11649.0,11649.0
BRIDGESTONE,YAZ,205/50R17,610891,TURANZA 6,10135.0,10135.0
BRIDGESTONE,4 MEVSIM,205/50R17,519814,TURANZA ALL SEASON 6,11012.0,11012.0
BRIDGESTONE,YAZ,205/50R17,518863,S001 RFT,12398.0,12398.0
BRIDGESTONE,YAZ,205/50R17,518873,S001 RFT,12398.0,12398.0
BRIDGESTONE,YAZ,245/55R17,519247,T001,13442.0,13442.0
BRIDGESTONE,YAZ,225/55R17,611524,TURANZA 6,11312.0,11312.0
BRIDGESTONE,4 MEVSIM,225/55R17,619023,TURANZA ALL SEASON 6,12118.0,12118.0
BRIDGESTONE,YAZ,225/55R17,519295,T001 RFT,12561.0,12561.0
BRIDGESTONE,YAZ,225/55R17,519413,ER300-RFT,12561.0,12561.0
BRIDGESTONE,YAZ,225/55R17,619007,T005 DRIVEGUARD,11653.0,11653.0
BRIDGESTONE,YAZ,215/55R17,610877,TURANZA 6,10938.0,10938.0
BRIDGESTONE,YAZ,215/55R17,614892,T005,10730.0,10730.0
BRIDGESTONE,4 MEVSIM,215/55R17,619017,TURANZA ALL SEASON 6,11437.0,11437.0
BRIDGESTONE,YAZ,205/55R17,610892,TURANZA 6,9725.0,9725.0
BRIDGESTONE,4 MEVSIM,205/55R17,514455,TURANZA ALL SEASON 6,10961.0,10961.0
BRIDGESTONE,YAZ,205/55R17,511536,T005 EXT,13653.0,13653.0
BRIDGESTONE,YAZ,205/55R17,519535,T001 RFT,13252.0,13252.0
BRIDGESTONE,YAZ,205/60R17,513356,T005,11485.0,11485.0
BRIDGESTONE,YAZ,215/45R16,527468,TURANZA 6,9097.0,9097.0
BRIDGESTONE,YAZ,215/45R16,518839,T001,8918.0,8918.0
BRIDGESTONE,4 MEVSIM,215/45R16,546983,TURANZA ALL SEASON 6,9266.0,9266.0
BRIDGESTONE,YAZ,205/45R16,512555,TURANZA 6,10200.0,10200.0
BRIDGESTONE,YAZ,195/45R16,519813,TURANZA 6,7887.0,7887.0
BRIDGESTONE,YAZ,205/50R16,544983,TURANZA 6,8781.0,8781.0
BRIDGESTONE,YAZ,195/50R16,519895,TURANZA 6,8510.0,8510.0
BRIDGESTONE,YAZ,225/55R16,611523,TURANZA 6,11129.0,11129.0
BRIDGESTONE,4 MEVSIM,225/55R16,545123,TURANZA ALL SEASON 6,11673.0,11673.0
BRIDGESTONE,YAZ,225/55R16,518868,ER300-RFT,13706.0,13706.0
BRIDGESTONE,YAZ,225/55R16,619006,T005 DRIVEGUARD,12905.0,12905.0
BRIDGESTONE,YAZ,215/55R16,611568,TURANZA 6,9218.0,9218.0
BRIDGESTONE,YAZ,215/55R16,611567,TURANZA 6,9405.0,9405.0
BRIDGESTONE,4 MEVSIM,215/55R16,619015,TURANZA ALL SEASON 6,9520.0,9520.0
BRIDGESTONE,YAZ,205/55R16,611565,TURANZA 6,6371.0,6371.0
BRIDGESTONE,YAZ,205/55R16,611566,TURANZA 6,6498.0,6498.0
BRIDGESTONE,4 MEVSIM,205/55R16,619013,TURANZA ALL SEASON 6,6837.0,6837.0
BRIDGESTONE,YAZ,205/55R16,519204,T001 EXT,8275.0,8275.0
BRIDGESTONE,YAZ,205/55R16,511431,T005 RFT,8275.0,8275.0
BRIDGESTONE,YAZ,205/55R16,619001,T005 DRIVEGUARD,7777.0,7777.0
BRIDGESTONE,YAZ,195/55R16,611564,TURANZA 6,7438.0,7438.0
BRIDGESTONE,YAZ,195/55R16,617310,T005,7291.0,7291.0
BRIDGESTONE,YAZ,195/55R16,617350,T005,7291.0,7291.0
BRIDGESTONE,4 MEVSIM,195/55R16,619012,TURANZA ALL SEASON 6,7829.0,7829.0
BRIDGESTONE,YAZ,195/55R16,519810,ER300-RFT,9340.0,9340.0
BRIDGESTONE,YAZ,195/55R16,619000,T005 DRIVEGUARD,8872.0,8872.0
BRIDGESTONE,YAZ,185/55R16,518835,EP150,8682.0,8682.0
BRIDGESTONE,YAZ,215/60R16,611511,TURANZA 6,9994.0,9994.0
BRIDGESTONE,4 MEVSIM,215/60R16,514489,TURANZA ALL SEASON 6,10623.0,10623.0
BRIDGESTONE,YAZ,205/60R16,611506,TURANZA 6,8227.0,8227.0
BRIDGESTONE,4 MEVSIM,205/60R16,619014,TURANZA ALL SEASON 6,8596.0,8596.0
BRIDGESTONE,YAZ,205/60R16,519803,T005 RFT,11395.0,11395.0
BRIDGESTONE,YAZ,205/60R16,619002,T005 DRIVEGUARD,10226.0,10226.0
BRIDGESTONE,4 MEVSIM,195/60R16,545122,TURANZA ALL SEASON 6,9392.0,9392.0
BRIDGESTONE,YAZ,195/60R16,516247,T001,9071.0,9071.0
BRIDGESTONE,YAZ,205/65R16,511537,T005,11173.0,11173.0
BRIDGESTONE,YAZ,195/50R15,511243,T005,5549.0,5549.0
BRIDGESTONE,YAZ,195/55R15,519780,T005,7999.0,7999.0
BRIDGESTONE,YAZ,175/55R15,514800,RE050A,7170.0,7170.0
BRIDGESTONE,YAZ,205/60R15,515003,T005,8141.0,8141.0
BRIDGESTONE,YAZ,195/60R15,611048,T005,6145.0,6145.0
BRIDGESTONE,4 MEVSIM,195/60R15,613512,A005 EVO,6457.0,6457.0
BRIDGESTONE,YAZ,185/60R15,611049,T005,5914.0,5914.0
BRIDGESTONE,4 MEVSIM,185/60R15,613511,A005 EVO,6060.0,6060.0
BRIDGESTONE,YAZ,205/65R15,515004,T005,8380.0,8380.0
BRIDGESTONE,YAZ,195/65R15,611054,T005,5192.0,5192.0
BRIDGESTONE,YAZ,195/65R15,611052,T005,5297.0,5297.0
BRIDGESTONE,4 MEVSIM,195/65R15,613510,A005 EVO,5737.0,5737.0
BRIDGESTONE,YAZ,185/65R15,617300,T005,5301.0,5301.0
BRIDGESTONE,YAZ,185/65R15,611035,T005,5406.0,5406.0
BRIDGESTONE,4 MEVSIM,185/65R15,613522,A005 EVO,5684.0,5684.0
BRIDGESTONE,YAZ,175/65R15,511244,T005,5930.0,5930.0
BRIDGESTONE,YAZ,185/65R14,611053,T005,5001.0,5001.0
BRIDGESTONE,YAZ,175/65R14,614700,EP150,4662.0,4662.0
BRIDGESTONE,YAZ,285/30R22,519988,TURANZA 6,29398.0,29398.0
BRIDGESTONE,YAZ,285/35R22,544936,T005,30018.0,30018.0
BRIDGESTONE,YAZ,275/40R22,544937,TURANZA 6,27697.0,27697.0
BRIDGESTONE,YAZ,275/40R22,511240,ALENZA 001,27697.0,27697.0
BRIDGESTONE,YAZ,285/45R22,518142,ALENZA 001,25481.0,25481.0
BRIDGESTONE,YAZ,275/50R22,544047,H/T684,25830.0,25830.0
BRIDGESTONE,YAZ,315/35R21,544018,H/P Sport,26974.0,26974.0
BRIDGESTONE,YAZ,295/35R21,511166,POTENZA SPORT,18436.0,18436.0
BRIDGESTONE,YAZ,295/35R21,544243,TURANZA 6,18205.0,18205.0
BRIDGESTONE,YAZ,275/35R21,519921,ALENZA RFT,30200.0,30200.0
BRIDGESTONE,YAZ,285/40R21,511165,POTENZA SPORT,24979.0,24979.0
BRIDGESTONE,YAZ,285/40R21,519991,H/P SPORT,24043.0,24043.0
BRIDGESTONE,YAZ,285/40R21,511168,ALENZA 001,24043.0,24043.0
BRIDGESTONE,YAZ,275/40R21,544935,TURANZA 6,23672.0,23672.0
BRIDGESTONE,YAZ,265/40R21,511093,POTENZA SPORT,22943.0,22943.0
BRIDGESTONE,YAZ,265/40R21,511380,T005 RFT,28691.0,28691.0
BRIDGESTONE,YAZ,245/40R21,519920,ALENZA RFT,27865.0,27865.0
BRIDGESTONE,YAZ,275/45R21,544242,TURANZA 6,19733.0,19733.0
BRIDGESTONE,4 MEVSIM,275/45R21,516800,TURANZA ALL SEASON 6,20376.0,20376.0
BRIDGESTONE,YAZ,265/45R21,519690,ALENZA 001,26126.0,26126.0
BRIDGESTONE,YAZ,235/45R21,531100,TURANZA 6,18229.0,18229.0
BRIDGESTONE,YAZ,235/45R21,519688,TURANZA ECO,18229.0,18229.0
BRIDGESTONE,YAZ,315/35R20,545142,TURANZA 6,24995.0,24995.0
BRIDGESTONE,YAZ,315/35R20,511038,POTENZA SPORT,25232.0,25232.0
BRIDGESTONE,YAZ,315/35R20,544325,Dueler H/P RFT,29414.0,29414.0
BRIDGESTONE,YAZ,295/40R20,511037,POTENZA SPORT,23521.0,23521.0
BRIDGESTONE,YAZ,275/40R20,511080,POTENZA SPORT,18039.0,18039.0
BRIDGESTONE,YAZ,275/40R20,611556,TURANZA 6,17725.0,17725.0
BRIDGESTONE,YAZ,275/40R20,544310,Dueler H/P RFT,21938.0,21938.0
BRIDGESTONE,YAZ,275/40R20,511426,ALENZA RFT,21938.0,21938.0
BRIDGESTONE,YAZ,255/40R20,544893,TURANZA 6,21691.0,21691.0
BRIDGESTONE,YAZ,235/40R20,528633,TURANZA 6,24088.0,24088.0
BRIDGESTONE,YAZ,235/40R20,544986,T005,23616.0,23616.0
BRIDGESTONE,YAZ,295/45R20,511412,ALENZA 001,24678.0,24678.0
BRIDGESTONE,YAZ,285/45R20,519682,POTENZA SPORT,22948.0,22948.0
BRIDGESTONE,YAZ,285/45R20,544346,DUELER H/P,22014.0,22014.0
BRIDGESTONE,YAZ,285/45R20,511184,ALENZA 001,22014.0,22014.0
BRIDGESTONE,YAZ,275/45R20,611545,TURANZA 6,20084.0,20084.0
BRIDGESTONE,4 MEVSIM,275/45R20,545128,TURANZA ALL SEASON 6,20791.0,20791.0
BRIDGESTONE,YAZ,265/45R20,511094,POTENZA SPORT,21596.0,21596.0
BRIDGESTONE,YAZ,265/45R20,544204,Dueler H/P EXT,26315.0,26315.0
BRIDGESTONE,YAZ,255/45R20,544990,Dueler H/P,21058.0,21058.0
BRIDGESTONE,YAZ,255/45R20,544880,H/P SPORT EXT,26592.0,26592.0
BRIDGESTONE,YAZ,245/45R20,519657,TURANZA 6,18323.0,18323.0
BRIDGESTONE,YAZ,245/45R20,511085,POTENZA SPORT,18436.0,18436.0
BRIDGESTONE,YAZ,245/45R20,511425,ALENZA RFT,21365.0,21365.0
BRIDGESTONE,YAZ,235/45R20,544910,TURANZA 6,19985.0,19985.0
BRIDGESTONE,4 MEVSIM,235/45R20,519874,TURANZA ALL SEASON 6,22568.0,22568.0
BRIDGESTONE,YAZ,235/45R20,511600,ALENZA 001,19599.0,19599.0
BRIDGESTONE,YAZ,275/50R20,511023,POTENZA SPORT,23690.0,23690.0
BRIDGESTONE,YAZ,275/50R20,511423,ALENZA  ,23214.0,23214.0
BRIDGESTONE,YAZ,275/50R20,511424,ALENZA RFT,27068.0,27068.0
BRIDGESTONE,YAZ,265/50R20,519681,TURANZA 6,23082.0,23082.0
BRIDGESTONE,YAZ,255/50R20,544933,TURANZA 6,20962.0,20962.0
BRIDGESTONE,YAZ,235/50R20,544982,ALENZAS,19888.0,19888.0
BRIDGESTONE,YAZ,255/55R20,544934,TURANZA 6,21982.0,21982.0
BRIDGESTONE,4 MEVSIM,255/55R20,519884,TURANZA ALL SEASON 6,22329.0,22329.0
BRIDGESTONE,YAZ,235/55R20,519680,POTENZA SPORT,19245.0,19245.0
BRIDGESTONE,YAZ,235/55R20,544913,TURANZA 6,19053.0,19053.0
BRIDGESTONE,YAZ,235/60R20,511247,ALENZA 001,23616.0,23616.0
BRIDGESTONE,YAZ,285/45R19,511022,POTENZA SPORT,18173.0,18173.0
BRIDGESTONE,YAZ,285/45R19,544226,Dueler H/P RFT,21654.0,21654.0
BRIDGESTONE,YAZ,275/45R19,544932,TURANZA 6,20448.0,20448.0
BRIDGESTONE,YAZ,235/45R19,544435,Dueler H/P EXT,18064.0,18064.0
BRIDGESTONE,YAZ,225/45R19,611518,TURANZA 6,16465.0,16465.0
BRIDGESTONE,4 MEVSIM,225/45R19,518991,TURANZA ALL SEASON 6,17340.0,17340.0
BRIDGESTONE,YAZ,265/50R19,511021,POTENZA SPORT,18520.0,18520.0
BRIDGESTONE,YAZ,255/50R19,544931,TURANZA 6,15101.0,15101.0
BRIDGESTONE,4 MEVSIM,255/50R19,545129,TURANZA ALL SEASON 6,15517.0,15517.0
BRIDGESTONE,YAZ,255/50R19,544908,Dueler H/P RFT,18469.0,18469.0
BRIDGESTONE,YAZ,235/50R19,544892,TURANZA 6,13488.0,13488.0
BRIDGESTONE,YAZ,235/50R19,528481,TURANZA 6,13758.0,13758.0
BRIDGESTONE,4 MEVSIM,235/50R19,519817,TURANZA ALL SEASON 6,15434.0,15434.0
BRIDGESTONE,YAZ,225/50R19,614862,TURANZA 6,14561.0,14561.0
BRIDGESTONE,YAZ,275/55R19,519929,ALENZA RFT,17129.0,17129.0
BRIDGESTONE,YAZ,255/55R19,511270,TURANZA 6,13497.0,13497.0
BRIDGESTONE,4 MEVSIM,255/55R19,545132,TURANZA ALL SEASON 6,14455.0,14455.0
BRIDGESTONE,YAZ,235/55R19,544930,TURANZA 6,12943.0,12943.0
BRIDGESTONE,4 MEVSIM,235/55R19,516500,TURANZA ALL SEASON 6,14923.0,14923.0
BRIDGESTONE,YAZ,225/55R19,544891,TURANZA 6,11530.0,11530.0
BRIDGESTONE,4 MEVSIM,225/55R19,545124,TURANZA ALL SEASON 6,12596.0,12596.0
BRIDGESTONE,YAZ,205/55R19,519424,TURANZA 6,12006.0,12006.0
BRIDGESTONE,4 MEVSIM,205/55R19,519871,TURANZA ALL SEASON 6,12447.0,12447.0
BRIDGESTONE,YAZ,235/50R18,610897,TURANZA 6,12506.0,12506.0
BRIDGESTONE,4 MEVSIM,235/50R18,519897,TURANZA ALL SEASON 6,13521.0,13521.0
BRIDGESTONE,YAZ,225/50R18,611546,TURANZA 6,15291.0,15291.0
BRIDGESTONE,YAZ,255/55R18,544928,TURANZA 6,12118.0,12118.0
BRIDGESTONE,4 MEVSIM,255/55R18,545127,TURANZA ALL SEASON 6,12295.0,12295.0
BRIDGESTONE,YAZ,255/55R18,514487,DUELER A/T002,11893.0,11893.0
BRIDGESTONE,YAZ,255/55R18,544208,H/L 400 RFT,14329.0,14329.0
BRIDGESTONE,YAZ,235/55R18,610887,TURANZA 6,11448.0,11448.0
BRIDGESTONE,YAZ,235/55R18,511543,T005 EXT,13154.0,13154.0
BRIDGESTONE,4 MEVSIM,235/55R18,518600,TURANZA ALL SEASON 6,12921.0,12921.0
BRIDGESTONE,YAZ,235/55R18,511186,ALENZA 001 EXT,13154.0,13154.0
BRIDGESTONE,YAZ,225/55R18,614861,TURANZA 6,11160.0,11160.0
BRIDGESTONE,YAZ,225/55R18,518129,TURANZA 6,11388.0,11388.0
BRIDGESTONE,YAZ,225/55R18,518035,T005,11160.0,11160.0
BRIDGESTONE,4 MEVSIM,225/55R18,619026,TURANZA ALL SEASON 6,12546.0,12546.0
BRIDGESTONE,YAZ,215/55R18,548027,TURANZA 6,11877.0,11877.0
BRIDGESTONE,4 MEVSIM,215/55R18,519829,TURANZA ALL SEASON 6,13040.0,13040.0
BRIDGESTONE,YAZ,265/60R18,544929,TURANZA 6,13760.0,13760.0
BRIDGESTONE,YAZ,265/60R18,617208,DUELER A/T002,13735.0,13735.0
BRIDGESTONE,YAZ,255/60R18,544927,TURANZA 6,12580.0,12580.0
BRIDGESTONE,YAZ,255/60R18,617204,DUELER A/T002,12451.0,12451.0
BRIDGESTONE,YAZ,255/60R18,544104,H/T684,12208.0,12208.0
BRIDGESTONE,YAZ,235/60R18,544925,TURANZA 6,11806.0,11806.0
BRIDGESTONE,4 MEVSIM,235/60R18,518500,TURANZA ALL SEASON 6,12427.0,12427.0
BRIDGESTONE,YAZ,225/60R18,610882,TURANZA 6,12088.0,12088.0
BRIDGESTONE,YAZ,225/60R18,512986,TURANZA 6,12088.0,12088.0
BRIDGESTONE,4 MEVSIM,225/60R18,516700,TURANZA ALL SEASON 6,13086.0,13086.0
BRIDGESTONE,YAZ,235/65R18,544926,TURANZA 6,12289.0,12289.0
BRIDGESTONE,YAZ,275/55R17,545141,Turanza 6,13767.0,13767.0
BRIDGESTONE,YAZ,235/55R17,610886,TURANZA 6,11385.0,11385.0
BRIDGESTONE,4 MEVSIM,235/55R17,519826,TURANZA ALL SEASON 6,11740.0,11740.0
BRIDGESTONE,YAZ,255/60R17,544923,TURANZA 6,12393.0,12393.0
BRIDGESTONE,YAZ,235/60R17,513480,TURANZA 6,11829.0,11829.0
BRIDGESTONE,YAZ,225/60R17,610880,TURANZA 6,12727.0,12727.0
BRIDGESTONE,4 MEVSIM,225/60R17,512011,TURANZA ALL SEASON 6,13496.0,13496.0
BRIDGESTONE,YAZ,215/60R17,614860,TURANZA 6,10192.0,10192.0
BRIDGESTONE,4 MEVSIM,215/60R17,619018,TURANZA ALL SEASON 6,11019.0,11019.0
BRIDGESTONE,YAZ,285/65R17,544829,DUELER A/T002,13628.0,13628.0
BRIDGESTONE,YAZ,265/65R17,617206,DUELER A/T002,13025.0,13025.0
BRIDGESTONE,YAZ,255/65R17,544729,DUELER A/T002,12677.0,12677.0
BRIDGESTONE,YAZ,245/65R17,544429,DUELER A/T002,12181.0,12181.0
BRIDGESTONE,YAZ,235/65R17,610898,TURANZA 6,10523.0,10523.0
BRIDGESTONE,4 MEVSIM,235/65R17,519827,TURANZA ALL SEASON 6,11309.0,11309.0
BRIDGESTONE,YAZ,225/65R17,544912,TURANZA 6,11106.0,11106.0
BRIDGESTONE,4 MEVSIM,225/65R17,519879,TURANZA ALL SEASON 6,12617.0,12617.0
BRIDGESTONE,YAZ,215/65R17,611514,TURANZA 6,10065.0,10065.0
BRIDGESTONE,4 MEVSIM,215/65R17,619019,TURANZA ALL SEASON 6,10920.0,10920.0
BRIDGESTONE,YAZ,265/70R17,511016,M/T674,21561.0,21561.0
BRIDGESTONE,YAZ,245/70R17,511017,M/T674,21616.0,21616.0
BRIDGESTONE,YAZ,245/70R17,544629,DUELER A/T002,12960.0,12960.0
BRIDGESTONE,YAZ,235/60R16,544654,TURANZA 6,8760.0,8760.0
BRIDGESTONE,YAZ,215/65R16,611513,TURANZA 6,7841.0,7841.0
BRIDGESTONE,YAZ,215/65R16,571798,TURANZA 6,7996.0,7996.0
BRIDGESTONE,4 MEVSIM,215/65R16,532792,A005 EVO,7911.0,7911.0
BRIDGESTONE,4 MEVSIM,215/65R16,619016,TURANZA ALL SEASON 6,8134.0,8134.0
BRIDGESTONE,YAZ,215/65R16,617202,DUELER A/T002,7732.0,7732.0
BRIDGESTONE,YAZ,265/70R16,617207,DUELER A/T002,11542.0,11542.0
BRIDGESTONE,YAZ,255/70R16,617205,DUELER A/T002,11582.0,11582.0
BRIDGESTONE,YAZ,245/70R16,617203,DUELER A/T002,10161.0,10161.0
BRIDGESTONE,YAZ,235/70R16,510600,DUELER A/T002,8872.0,8872.0
BRIDGESTONE,YAZ,215/70R16,511750,DUELER A/T002,8791.0,8791.0
BRIDGESTONE,YAZ,265/75R16,511019,M/T674,19931.0,19931.0
BRIDGESTONE,YAZ,245/75R16,511018,M/T674,18264.0,18264.0
BRIDGESTONE,YAZ,215/80R16,545137,DUELER A/T002,7944.0,7944.0
BRIDGESTONE,YAZ,205/80R16,617201,DUELER A/T002,8758.0,8758.0
BRIDGESTONE,YAZ,235/85R16,511015,M/T674,18353.0,18353.0
BRIDGESTONE,YAZ,265/70R15,511760,DUELER A/T002,10522.0,10522.0
BRIDGESTONE,YAZ,255/70R15,544903,DUELER A/T002,12060.0,12060.0
BRIDGESTONE,YAZ,225/70R15,545138,DUELER A/T002,8793.0,8793.0
BRIDGESTONE,YAZ,205/70R15,545111,DUELER A/T002,7279.0,7279.0
BRIDGESTONE,YAZ,235/75R15,545135,DUELER A/T002,9025.0,9025.0
BRIDGESTONE,YAZ,215/75R15,545136,DUELER A/T002,9541.0,9541.0
BRIDGESTONE,YAZ,195/80R15,545134,DUELER A/T002,7577.0,7577.0
BRIDGESTONE,4 MEVSIM,225/55R17,643371,DURAVIS A/S EVO,12922.0,12922.0
BRIDGESTONE,YAZ,235/60R17,643446,DURAVIS VAN,11995.0,11995.0
BRIDGESTONE,4 MEVSIM,235/60R17,643375,DURAVIS A/S EVO,15063.0,15063.0
BRIDGESTONE,YAZ,215/60R17,643765,R660,11955.0,11955.0
BRIDGESTONE,4 MEVSIM,215/60R17,643293,DURAVIS A/S EVO,12573.0,12573.0
BRIDGESTONE,4 MEVSIM,215/60R16,643291,DURAVIS A/S EVO,13029.0,13029.0
BRIDGESTONE,YAZ,195/60R16,643443,R660,9249.0,9249.0
BRIDGESTONE,4 MEVSIM,195/60R16,643275,DURAVIS A/S EVO,10021.0,10021.0
BRIDGESTONE,YAZ,285/65R16,643830,R660,20198.0,20198.0
BRIDGESTONE,4 MEVSIM,235/65R16,643376,DURAVIS A/S EVO,12244.0,12244.0
BRIDGESTONE,4 MEVSIM,235/65R16,643377,DURAVIS A/S EVO,12822.0,12822.0
BRIDGESTONE,YAZ,235/65R16,643451,DURAVIS VAN,10527.0,10527.0
BRIDGESTONE,YAZ,235/65R16,643456,DURAVIS VAN,11437.0,11437.0
BRIDGESTONE,YAZ,235/65R16,643499,R660,11414.0,11414.0
BRIDGESTONE,YAZ,225/65R16,643455,DURAVIS VAN,12003.0,12003.0
BRIDGESTONE,4 MEVSIM,225/65R16,643372,DURAVIS A/S EVO,12946.0,12946.0
BRIDGESTONE,YAZ,215/65R16,643211,R660,10514.0,10514.0
BRIDGESTONE,YAZ,215/65R16,643425,R660,10601.0,10601.0
BRIDGESTONE,4 MEVSIM,215/65R16,643298,DURAVIS A/S EVO,11458.0,11458.0
BRIDGESTONE,4 MEVSIM,215/65R16,643299,DURAVIS A/S EVO,11542.0,11542.0
BRIDGESTONE,YAZ,205/65R16,643453,DURAVIS VAN,10025.0,10025.0
BRIDGESTONE,4 MEVSIM,205/65R16,643283,DURAVIS A/S EVO,11031.0,11031.0
BRIDGESTONE,4 MEVSIM,195/65R16,643276,DURAVIS A/S EVO,10996.0,10996.0
BRIDGESTONE,YAZ,225/75R16,643468,DURAVIS VAN,10880.0,10880.0
BRIDGESTONE,4 MEVSIM,225/75R16,643374,DURAVIS A/S EVO,11880.0,11880.0
BRIDGESTONE,YAZ,215/75R16,643466,DURAVIS VAN,10100.0,10100.0
BRIDGESTONE,4 MEVSIM,215/75R16,643308,DURAVIS A/S EVO,10307.0,10307.0
BRIDGESTONE,4 MEVSIM,215/75R16,643310,DURAVIS A/S EVO,10716.0,10716.0
BRIDGESTONE,YAZ,205/75R16,643471,DURAVIS VAN,9802.0,9802.0
BRIDGESTONE,4 MEVSIM,205/75R16,643284,DURAVIS A/S EVO,10189.0,10189.0
BRIDGESTONE,4 MEVSIM,205/75R16,643290,DURAVIS A/S EVO,10352.0,10352.0
BRIDGESTONE,YAZ,195/75R16,643452,DURAVIS VAN,8425.0,8425.0
BRIDGESTONE,YAZ,195/75R16,643472,DURAVIS VAN,8558.0,8558.0
BRIDGESTONE,4 MEVSIM,195/75R16,643278,DURAVIS A/S EVO,9139.0,9139.0
BRIDGESTONE,4 MEVSIM,195/75R16,643279,DURAVIS A/S EVO,9319.0,9319.0
BRIDGESTONE,YAZ,185/75R16,643410,R660,9265.0,9265.0
BRIDGESTONE,4 MEVSIM,185/75R16,643270,DURAVIS A/S EVO,9864.0,9864.0
BRIDGESTONE,4 MEVSIM,215/65R15,643297,DURAVIS A/S EVO,11794.0,11794.0
BRIDGESTONE,YAZ,225/70R15,642467,DURAVIS VAN,9265.0,9265.0
BRIDGESTONE,4 MEVSIM,225/70R15,643373,DURAVIS A/S EVO,9713.0,9713.0
BRIDGESTONE,YAZ,215/70R15,521766,R660,11017.0,11017.0
BRIDGESTONE,YAZ,215/70R15,642454,DURAVIS VAN,11236.0,11236.0
BRIDGESTONE,4 MEVSIM,215/70R15,643302,DURAVIS A/S EVO,11598.0,11598.0
BRIDGESTONE,YAZ,205/70R15,642214,R660,9538.0,9538.0
BRIDGESTONE,4 MEVSIM,195/70R15,643277,DURAVIS A/S EVO,8421.0,8421.0
BRIDGESTONE,YAZ,195R15,642213,R660,9571.0,9571.0
BRIDGESTONE,YAZ,195R14,642215,R660,7173.0,7173.0
LASSA,KIS,275/35R21,214302,SNOWAYS 5,25360.0,25360.0
LASSA,KIS,255/35R21,214846,SNOWAYS 5,22443.0,22443.0
LASSA,KIS,255/35R20,214807,SNOWAYS 5,14769.0,14769.0
LASSA,KIS,255/40R20,214827,SNOWAYS 5,22547.0,22547.0
LASSA,KIS,215/45R20,214833,SNOWAYS 5,22900.0,22900.0
LASSA,KIS,275/35R19,214809,SNOWAYS 5,21278.0,21278.0
LASSA,KIS,255/35R19,214814,SNOWAYS 5,14067.0,14067.0
LASSA,KIS,235/35R19,214819,SNOWAYS 5,15294.0,15294.0
LASSA,KIS,255/40R19,214812,SNOWAYS 5,15638.0,15638.0
LASSA,KIS,245/40R19,214829,SNOWAYS 5,15021.0,15021.0
LASSA,KIS,235/40R19,214822,SNOWAYS 5,17257.0,17257.0
LASSA,KIS,225/40R19,214810,SNOWAYS 5,16414.0,16414.0
LASSA,KIS,245/40R18,214818,SNOWAYS 5,11208.0,11208.0
LASSA,KIS,235/40R18,214816,SNOWAYS 5,11311.0,11311.0
LASSA,KIS,225/40R18,214832,SNOWAYS 5,8204.0,8204.0
LASSA,KIS,255/45R18,214811,SNOWAYS 5,13592.0,13592.0
LASSA,KIS,245/45R18,214840,SNOWAYS 5,11693.0,11693.0
LASSA,KIS,235/45R18,214843,SNOWAYS 5,12048.0,12048.0
LASSA,KIS,225/45R18,214830,SNOWAYS 5,11608.0,11608.0
LASSA,KIS,215/45R18,214305,SNOWAYS 5,12417.0,12417.0
LASSA,KIS,195/60R18,214837,SNOWAYS 5,9947.0,9947.0
LASSA,KIS,245/45R17,214815,SNOWAYS 5,10335.0,10335.0
LASSA,KIS,235/45R17,214813,SNOWAYS 5,7779.0,7779.0
LASSA,KIS,225/45R17,214848,SNOWAYS 5,6827.0,6827.0
LASSA,KIS,225/45R17,212032,ICEWAYS 2,7138.0,7138.0
LASSA,KIS,215/45R17,214817,SNOWAYS 5,8490.0,8490.0
LASSA,KIS,205/45R17,214828,SNOWAYS 5,9241.0,9241.0
LASSA,KIS,225/50R17,214847,SNOWAYS 5,9629.0,9629.0
LASSA,KIS,225/50R17,212029,ICEWAYS 2,10089.0,10089.0
LASSA,KIS,215/50R17,214842,SNOWAYS 5,9609.0,9609.0
LASSA,KIS,215/50R17,212031,ICEWAYS 2,10017.0,10017.0
LASSA,KIS,205/50R17,214839,SNOWAYS 5,9299.0,9299.0
LASSA,KIS,225/55R17,214845,SNOWAYS 5,10149.0,10149.0
LASSA,KIS,225/55R17,212034,ICEWAYS 2,10522.0,10522.0
LASSA,KIS,215/55R17,214852,SNOWAYS 5,9813.0,9813.0
LASSA,KIS,205/55R17,214844,SNOWAYS 5,9596.0,9596.0
LASSA,KIS,205/55R17,212953,SNOWAYS 3,9514.0,9514.0
LASSA,KIS,195/45R16,212955,SNOWAYS 3,7808.0,7808.0
LASSA,KIS,225/55R16,214831,SNOWAYS 4+,10062.0,10062.0
LASSA,KIS,225/55R16,212023,ICEWAYS 2,10445.0,10445.0
LASSA,KIS,215/55R16,214838,SNOWAYS 5,8514.0,8514.0
LASSA,KIS,215/55R16,212027,ICEWAYS 2,8894.0,8894.0
LASSA,KIS,205/55R16,214800,SNOWAYS 5,6087.0,6087.0
LASSA,KIS,205/55R16,214802,SNOWAYS 5,6285.0,6285.0
LASSA,KIS,205/55R16,212008,ICEWAYS 2,6348.0,6348.0
LASSA,KIS,195/55R16,214854,SNOWAYS 5,7149.0,7149.0
LASSA,KIS,195/55R16,212026,ICEWAYS 2,7493.0,7493.0
LASSA,KIS,215/60R16,214851,SNOWAYS 5,8926.0,8926.0
LASSA,KIS,215/60R16,212003,ICEWAYS 2,9267.0,9267.0
LASSA,KIS,205/60R16,214855,SNOWAYS 5,7336.0,7336.0
LASSA,KIS,205/60R16,214806,SNOWAYS 5,7483.0,7483.0
LASSA,KIS,205/60R16,212041,ICEWAYS 2,7653.0,7653.0
LASSA,KIS,195/60R16,214835,SNOWAYS 4+,7983.0,7983.0
LASSA,KIS,215/65R16,212039,ICEWAYS 2,7614.0,7614.0
LASSA,KIS,195/50R15,214825,SNOWAYS 4+,5396.0,5396.0
LASSA,KIS,195/55R15,214824,SNOWAYS 4+,7678.0,7678.0
LASSA,KIS,185/55R15,224873,SNOWAYS 4+,6964.0,6964.0
LASSA,KIS,205/60R15,212982,SNOWAYS 3,9050.0,9050.0
LASSA,KIS,195/60R15,214834,SNOWAYS 5,5997.0,5997.0
LASSA,KIS,195/60R15,212038,ICEWAYS 2,6285.0,6285.0
LASSA,KIS,185/60R15,214853,SNOWAYS 5,5529.0,5529.0
LASSA,KIS,185/60R15,214808,SNOWAYS 5,5638.0,5638.0
LASSA,KIS,185/60R15,212024,ICEWAYS 2,5787.0,5787.0
LASSA,KIS,205/65R15,214823,SNOWAYS 4+,8589.0,8589.0
LASSA,KIS,205/65R15,212037,ICEWAYS 2,8982.0,8982.0
LASSA,KIS,195/65R15,214857,SNOWAYS 5,5009.0,5009.0
LASSA,KIS,195/65R15,214804,SNOWAYS 5,5136.0,5136.0
LASSA,KIS,195/65R15,212018,ICEWAYS 2,5365.0,5365.0
LASSA,KIS,195/65R15,212017,ICEWAYS 2,5365.0,5365.0
LASSA,KIS,185/65R15,214885,SNOWAYS 5,5009.0,5009.0
LASSA,KIS,185/65R15,214856,SNOWAYS 5,5136.0,5136.0
LASSA,KIS,185/65R15,212005,ICEWAYS 2,5365.0,5365.0
LASSA,KIS,175/65R15,214874,SNOWAYS 4+,5725.0,5725.0
LASSA,KIS,165/65R15,214878,SNOWAYS 4+,5638.0,5638.0
LASSA,KIS,185/60R14,214879,SNOWAYS 4+,4944.0,4944.0
LASSA,KIS,185/60R14,212009,ICEWAYS 2,5191.0,5191.0
LASSA,KIS,185/65R14,214826,SNOWAYS 4+,4907.0,4907.0
LASSA,KIS,185/65R14,212036,ICEWAYS 2,5155.0,5155.0
LASSA,KIS,175/65R14,214865,SNOWAYS 4+,4467.0,4467.0
LASSA,KIS,175/65R14,212007,ICEWAYS 2,4682.0,4682.0
LASSA,KIS,165/65R14,212939,SNOWAYS 3,5204.0,5204.0
LASSA,KIS,155/65R14,212948,SNOWAYS 3,4164.0,4164.0
LASSA,KIS,185/70R14,212902,SNOWAYS 3,5859.0,5859.0
LASSA,KIS,185/70R14,212019,ICEWAYS 2,6153.0,6153.0
LASSA,KIS,175/70R14,214877,SNOWAYS 4+,5007.0,5007.0
LASSA,KIS,175/70R14,212028,ICEWAYS 2,5252.0,5252.0
LASSA,KIS,165/70R14,214872,SNOWAYS 4+,4997.0,4997.0
LASSA,KIS,175/80R14,212913,SNOWAYS 3,5435.0,5435.0
LASSA,KIS,175/70R13,212901,SNOWAYS 3,4155.0,4155.0
LASSA,KIS,175/70R13,212033,ICEWAYS 2,4424.0,4424.0
LASSA,KIS,155/70R13,212949,SNOWAYS 3,4384.0,4384.0
LASSA,KIS,165/80R13,212947,SNOWAYS 3,4337.0,4337.0
LASSA,KIS,155/80R13,212938,SNOWAYS 3,4462.0,4462.0
LASSA,KIS,145/80R13,212909,SNOWAYS 3,4399.0,4399.0
LASSA,KIS,295/35R21,214312,COMPETUS WINTER 3 ,18818.0,18818.0
LASSA,KIS,275/45R21,214314,COMPETUS WINTER 3 ,18919.0,18919.0
LASSA,KIS,275/40R20,214419,COMPETUS WINTER 2 +,16311.0,16311.0
LASSA,KIS,245/40R20,214402,COMPETUS WINTER 3 ,23097.0,23097.0
LASSA,KIS,275/45R20,214324,COMPETUS WINTER 3 ,18852.0,18852.0
LASSA,KIS,275/45R20,214420,COMPETUS WINTER 2 +,18573.0,18573.0
LASSA,KIS,255/45R20,214841,COMPETUS WINTER 3 ,19250.0,19250.0
LASSA,KIS,245/45R20,214313,COMPETUS WINTER 3 ,18266.0,18266.0
LASSA,KIS,235/45R20,214301,COMPETUS WINTER 3 ,20648.0,20648.0
LASSA,KIS,275/50R20,214311,COMPETUS WINTER 3 ,22744.0,22744.0
LASSA,KIS,235/50R20,214306,COMPETUS WINTER 3 ,17440.0,17440.0
LASSA,KIS,255/45R19,214858,COMPETUS WINTER 3 ,16824.0,16824.0
LASSA,KIS,245/45R19,214335,COMPETUS WINTER 3 ,16472.0,16472.0
LASSA,KIS,245/45R19,214485,COMPETUS WINTER 2 +,16229.0,16229.0
LASSA,KIS,235/45R19,214882,COMPETUS WINTER 3 ,18696.0,18696.0
LASSA,KIS,225/45R19,214322,COMPETUS WINTER 3 ,15679.0,15679.0
LASSA,KIS,225/45R19,214468,COMPETUS WINTER 2 +,15447.0,15447.0
LASSA,KIS,255/50R19,214327,COMPETUS WINTER 3 ,14671.0,14671.0
LASSA,KIS,255/50R19,214453,COMPETUS WINTER 2 +,14454.0,14454.0
LASSA,KIS,235/50R19,214331,COMPETUS WINTER 3 ,14768.0,14768.0
LASSA,KIS,255/55R19,214318,COMPETUS WINTER 3 ,13112.0,13112.0
LASSA,KIS,255/55R19,214457,COMPETUS WINTER 2 +,12918.0,12918.0
LASSA,KIS,235/55R19,214341,COMPETUS WINTER 3 ,13445.0,13445.0
LASSA,KIS,225/55R19,214320,COMPETUS WINTER 3 ,11788.0,11788.0
LASSA,KIS,225/55R19,214471,COMPETUS WINTER 2 +,11386.0,11386.0
LASSA,KIS,205/55R19,214325,COMPETUS WINTER 3 ,11584.0,11584.0
LASSA,KIS,235/50R18,214323,COMPETUS WINTER 3 ,12521.0,12521.0
LASSA,KIS,235/50R18,214476,COMPETUS WINTER 2 +,12336.0,12336.0
LASSA,KIS,225/50R18,214333,COMPETUS WINTER 3 ,13545.0,13545.0
LASSA,KIS,225/50R18,214421,COMPETUS WINTER 2 +,13345.0,13345.0
LASSA,KIS,215/50R18,214328,COMPETUS WINTER 3 ,11748.0,11748.0
LASSA,KIS,255/55R18,214321,COMPETUS WINTER 3 ,11646.0,11646.0
LASSA,KIS,255/55R18,214454,COMPETUS WINTER 2 +,11474.0,11474.0
LASSA,KIS,235/55R18,214339,COMPETUS WINTER 3 ,12273.0,12273.0
LASSA,KIS,235/55R18,214478,COMPETUS WINTER 2 +,11855.0,11855.0
LASSA,KIS,225/55R18,214342,COMPETUS WINTER 3 ,11862.0,11862.0
LASSA,KIS,225/55R18,214470,COMPETUS WINTER 2 +,11458.0,11458.0
LASSA,KIS,215/55R18,214330,COMPETUS WINTER 3 ,11992.0,11992.0
LASSA,KIS,215/55R18,214462,COMPETUS WINTER 2 +,11815.0,11815.0
LASSA,KIS,265/60R18,214319,COMPETUS WINTER 3 ,14078.0,14078.0
LASSA,KIS,255/60R18,214315,COMPETUS WINTER 3 ,11542.0,11542.0
LASSA,KIS,255/60R18,214458,COMPETUS WINTER 2 +,11371.0,11371.0
LASSA,KIS,235/60R18,214338,COMPETUS WINTER 3 ,11561.0,11561.0
LASSA,KIS,235/60R18,214481,COMPETUS WINTER 2 +,11390.0,11390.0
LASSA,KIS,225/60R18,214334,COMPETUS WINTER 3 ,12649.0,12649.0
LASSA,KIS,225/60R18,214473,COMPETUS WINTER 2 +,12218.0,12218.0
LASSA,KIS,235/55R17,214336,COMPETUS WINTER 3 ,10690.0,10690.0
LASSA,KIS,235/55R17,214747,COMPETUS WINTER 2 +,10532.0,10532.0
LASSA,KIS,225/55R17,214469,COMPETUS WINTER 2 +,11147.0,11147.0
LASSA,KIS,215/65R17,214343,COMPETUS WINTER 3 ,9640.0,9640.0
LASSA,KIS,215/65R17,214465,COMPETUS WINTER 2 +,9312.0,9312.0
LASSA,KIS,235/60R17,214316,COMPETUS WINTER 3 ,11563.0,11563.0
LASSA,KIS,235/60R17,214480,COMPETUS WINTER 2 +,11392.0,11392.0
LASSA,KIS,225/60R17,214329,COMPETUS WINTER 3 ,12604.0,12604.0
LASSA,KIS,225/60R17,214472,COMPETUS WINTER 2 +,12175.0,12175.0
LASSA,KIS,215/60R17,214346,COMPETUS WINTER 3 ,9626.0,9626.0
LASSA,KIS,215/60R17,214463,COMPETUS WINTER 2 +,9484.0,9484.0
LASSA,KIS,265/65R17,214317,COMPETUS WINTER 3 ,13630.0,13630.0
LASSA,KIS,265/65R17,214459,COMPETUS WINTER 2 +,13429.0,13429.0
LASSA,KIS,245/65R17,214486,COMPETUS WINTER 2 +,12539.0,12539.0
LASSA,KIS,235/65R17,214332,COMPETUS WINTER 3 ,10092.0,10092.0
LASSA,KIS,235/65R17,214482,COMPETUS WINTER 2 +,9943.0,9943.0
LASSA,KIS,225/65R17,214337,COMPETUS WINTER 3 ,10761.0,10761.0
LASSA,KIS,225/65R17,214474,COMPETUS WINTER 2 +,10602.0,10602.0
LASSA,KIS,235/60R16,214479,COMPETUS WINTER 2 +,8740.0,8740.0
LASSA,KIS,215/65R16,214344,COMPETUS WINTER 3 ,7429.0,7429.0
LASSA,KIS,215/65R16,214464,COMPETUS WINTER 2 +,7319.0,7319.0
LASSA,KIS,205/65R16,214836,COMPETUS WINTER 3 ,10506.0,10506.0
LASSA,KIS,265/70R16,214418,COMPETUS WINTER 2 +,10991.0,10991.0
LASSA,KIS,245/70R16,214307,COMPETUS WINTER 3 ,9552.0,9552.0
LASSA,KIS,245/70R16,214487,COMPETUS WINTER 2 +,9227.0,9227.0
LASSA,KIS,235/70R16,214483,COMPETUS WINTER 2 +,9428.0,9428.0
LASSA,KIS,225/70R16,214475,COMPETUS WINTER 2 +,9428.0,9428.0
LASSA,KIS,215/70R16,214326,COMPETUS WINTER 3 ,8430.0,8430.0
LASSA,KIS,215/70R16,214467,COMPETUS WINTER 2 +,8305.0,8305.0
LASSA,KIS,205/80R16,214461,COMPETUS WINTER 2 +,7882.0,7882.0
LASSA,KIS,205/70R15,214460,COMPETUS WINTER 2 +,7371.0,7371.0
LASSA,KIS,235/75R15,214484,COMPETUS WINTER 2 +,7913.0,7913.0
LASSA,KIS,215/60R16,245934,WINTUS 2,10602.0,10602.0
LASSA,KIS,195/60R16,243833,WINTUS 3,9381.0,9381.0
LASSA,KIS,235/65R16,243975,WINTUS 3,11733.0,11733.0
LASSA,KIS,235/65R16,243889,WINTUS 3,12841.0,12841.0
LASSA,KIS,225/75R16,243887,WINTUS 3,11162.0,11162.0
LASSA,KIS,225/65R16,243883,WINTUS 3,11657.0,11657.0
LASSA,KIS,215/65R16,243878,WINTUS 3,10406.0,10406.0
LASSA,KIS,205/65R16,243867,WINTUS 3,9965.0,9965.0
LASSA,KIS,195/65R16,245260,WINTUS 2,9506.0,9506.0
LASSA,KIS,215/75R16,243957,WINTUS 3,9915.0,9915.0
LASSA,KIS,215/75R16,243880,WINTUS 3,10006.0,10006.0
LASSA,KIS,205/75R16,243905,WINTUS 3,9613.0,9613.0
LASSA,KIS,205/75R16,243869,WINTUS 3,9613.0,9613.0
LASSA,KIS,195/75R16,243904,WINTUS 3,8542.0,8542.0
LASSA,KIS,195/75R16,243836,WINTUS 3,8713.0,8713.0
LASSA,KIS,185/75R16,243831,WINTUS 3,8485.0,8485.0
LASSA,KIS,215/65R15,243877,WINTUS 3,10419.0,10419.0
LASSA,KIS,205/65R15,245979,WINTUS 2,9357.0,9357.0
LASSA,KIS,225/70R15,243884,WINTUS 3,9145.0,9145.0
LASSA,KIS,225/70R15,243968,WINTUS 3,9414.0,9414.0
LASSA,KIS,215/70R15,243879,WINTUS 3,9247.0,9247.0
LASSA,KIS,205/70R15,243868,WINTUS 3,8951.0,8951.0
LASSA,KIS,195/70R15,243835,WINTUS 3,7665.0,7665.0
LASSA,KIS,185R14,243832,WINTUS 3,6269.0,6269.0
LASSA,KIS,195R14,243837,WINTUS 3,6843.0,6843.0
BRIDGESTONE,KIS,285/30R21,517930,BLIZZAK 6,28879.0,28879.0
BRIDGESTONE,KIS,305/35R21,528927,BLIZZAK 6,28417.0,28417.0
BRIDGESTONE,KIS,275/35R21,511224,LM005,27848.0,27848.0
BRIDGESTONE,KIS,265/35R21,518933,BLIZZAK 6,27542.0,27542.0
BRIDGESTONE,KIS,255/35R21,594189,BLIZZAK 6,26404.0,26404.0
BRIDGESTONE,KIS,315/40R21,512701,BLIZZAK 6,27146.0,27146.0
BRIDGESTONE,KIS,265/40R21,545143,LM005 RFT,31774.0,31774.0
BRIDGESTONE,KIS,255/40R21,594149,BLIZZAK 6,28811.0,28811.0
BRIDGESTONE,KIS,235/45R21,518934,BLIZZAK 6,19849.0,19849.0
BRIDGESTONE,KIS,285/45R21,511517,LM001 RFT,35135.0,35135.0
BRIDGESTONE,KIS,275/30R20,511486,LM005,23834.0,23834.0
BRIDGESTONE,KIS,295/35R20,511805,LM001,27799.0,27799.0
BRIDGESTONE,KIS,295/35R20,511947,LM32,27799.0,27799.0
BRIDGESTONE,KIS,275/35R20,517022,BLIZZAK 6,24256.0,24256.0
BRIDGESTONE,KIS,255/35R20,517245,BLIZZAK 6,20931.0,20931.0
BRIDGESTONE,KIS,245/35R20,517244,BLIZZAK 6,21998.0,21998.0
BRIDGESTONE,KIS,265/40R20,517845,BLIZZAK 6,27396.0,27396.0
BRIDGESTONE,KIS,255/40R20,594159,BLIZZAK 6,24286.0,24286.0
BRIDGESTONE,KIS,255/40R20,511493,LM001,23813.0,23813.0
BRIDGESTONE,KIS,245/40R20,594098,BLIZZAK 6,27173.0,27173.0
BRIDGESTONE,KIS,245/40R20,511942,LM32,26643.0,26643.0
BRIDGESTONE,KIS,235/40R20,594094,BLIZZAK 6,27120.0,27120.0
BRIDGESTONE,KIS,275/45R20,511516,LM001 RFT,25403.0,25403.0
BRIDGESTONE,KIS,235/45R20,594095,BLIZZAK 6,24291.0,24291.0
BRIDGESTONE,KIS,215/45R20,511131,LM32,27410.0,27410.0
BRIDGESTONE,KIS,255/55R20,511460,LM001 RFT,29811.0,29811.0
BRIDGESTONE,KIS,195/55R20,511676,LM005,13822.0,13822.0
BRIDGESTONE,KIS,295/35R19,511226,LM005,28274.0,28274.0
BRIDGESTONE,KIS,275/35R19,517844,BLIZZAK 6,23279.0,23279.0
BRIDGESTONE,KIS,255/35R19,548122,BLIZZAK 6,17912.0,17912.0
BRIDGESTONE,KIS,245/35R19,594096,BLIZZAK 6,19279.0,19279.0
BRIDGESTONE,KIS,235/35R19,594092,BLIZZAK 6,18905.0,18905.0
BRIDGESTONE,KIS,285/40R19,517909,BLIZZAK 6,26322.0,26322.0
BRIDGESTONE,KIS,275/40R19,517242,BLIZZAK 6,21141.0,21141.0
BRIDGESTONE,KIS,255/40R19,594169,BLIZZAK 6,19260.0,19260.0
BRIDGESTONE,KIS,245/40R19,594097,BLIZZAK 6,18592.0,18592.0
BRIDGESTONE,KIS,235/40R19,524093,BLIZZAK 6,20119.0,20119.0
BRIDGESTONE,KIS,225/40R19,524091,BLIZZAK 6,19310.0,19310.0
BRIDGESTONE,KIS,255/45R19,612739,BLIZZAK 6,19793.0,19793.0
BRIDGESTONE,KIS,245/45R19,511158,LM001 RFT,24379.0,24379.0
BRIDGESTONE,KIS,265/50R19,511749,LM001 RFT,23814.0,23814.0
BRIDGESTONE,KIS,245/50R19,594099,BLIZZAK 6,18516.0,18516.0
BRIDGESTONE,KIS,245/50R19,511318,LM001 RFT,21176.0,21176.0
BRIDGESTONE,KIS,155/70R19,511714,LM500,14979.0,14979.0
BRIDGESTONE,KIS,265/35R18,517230,BLIZZAK 6,17787.0,17787.0
BRIDGESTONE,KIS,255/35R18,517227,BLIZZAK 6,16737.0,16737.0
BRIDGESTONE,KIS,275/40R18,517842,BLIZZAK 6,25857.0,25857.0
BRIDGESTONE,KIS,255/40R18,594179,BLIZZAK 6,17839.0,17839.0
BRIDGESTONE,KIS,245/40R18,610543,BLIZZAK 6,13201.0,13201.0
BRIDGESTONE,KIS,245/40R18,619369,LM005 DG,15051.0,15051.0
BRIDGESTONE,KIS,235/40R18,610549,BLIZZAK 6,13786.0,13786.0
BRIDGESTONE,KIS,225/40R18,612732,BLIZZAK 6,9979.0,9979.0
BRIDGESTONE,KIS,225/40R18,619366,LM005 DG,11406.0,11406.0
BRIDGESTONE,KIS,225/40R18,511706,LM001 RFT,12412.0,12412.0
BRIDGESTONE,KIS,215/40R18,518897,BLIZZAK 6,13981.0,13981.0
BRIDGESTONE,KIS,255/45R18,594139,BLIZZAK 6,17010.0,17010.0
BRIDGESTONE,KIS,245/45R18,610544,BLIZZAK 6,14523.0,14523.0
BRIDGESTONE,KIS,245/45R18,619359,LM005 DG,15978.0,15978.0
BRIDGESTONE,KIS,235/45R18,610563,BLIZZAK 6,14597.0,14597.0
BRIDGESTONE,KIS,225/45R18,610548,BLIZZAK 6,13755.0,13755.0
BRIDGESTONE,KIS,225/45R18,619368,LM005 DG,16005.0,16005.0
BRIDGESTONE,KIS,225/45R18,511704,LM001 RFT,16718.0,16718.0
BRIDGESTONE,KIS,225/45R18,511705,LM001 EXT,16718.0,16718.0
BRIDGESTONE,KIS,215/45R18,517213,BLIZZAK 6,14609.0,14609.0
BRIDGESTONE,KIS,245/50R18,517226,BLIZZAK 6,16454.0,16454.0
BRIDGESTONE,KIS,245/50R18,511118,LM001 RFT,20476.0,20476.0
BRIDGESTONE,KIS,225/50R18,511120,LM001 RFT,18732.0,18732.0
BRIDGESTONE,KIS,225/60R18,511807,LM001 RFT,15649.0,15649.0
BRIDGESTONE,KIS,205/60R18,519989,LM005,15685.0,15685.0
BRIDGESTONE,KIS,195/60R18,517901,BLIZZAK 6,11702.0,11702.0
BRIDGESTONE,KIS,245/40R17,517211,BLIZZAK 6,13953.0,13953.0
BRIDGESTONE,KIS,215/40R17,517195,BLIZZAK 6,11293.0,11293.0
BRIDGESTONE,KIS,245/45R17,610534,BLIZZAK 6,12945.0,12945.0
BRIDGESTONE,KIS,235/45R17,512071,BLIZZAK 6,11275.0,11275.0
BRIDGESTONE,KIS,225/45R17,610542,BLIZZAK 6,8306.0,8306.0
BRIDGESTONE,KIS,225/45R17,619360,LM005 DG,10272.0,10272.0
BRIDGESTONE,KIS,225/45R17,511726,LM001 RFT,10732.0,10732.0
BRIDGESTONE,KIS,215/45R17,517196,BLIZZAK 6,10477.0,10477.0
BRIDGESTONE,KIS,205/45R17,517191,BLIZZAK 6,10952.0,10952.0
BRIDGESTONE,KIS,205/45R17,511465,LM005 DG,12238.0,12238.0
BRIDGESTONE,KIS,235/50R17,517208,BLIZZAK 6,14665.0,14665.0
BRIDGESTONE,KIS,225/50R17,612728,BLIZZAK 6,11768.0,11768.0
BRIDGESTONE,KIS,225/50R17,619361,LM005 DG,13680.0,13680.0
BRIDGESTONE,KIS,225/50R17,511974,LM001 RFT,14295.0,14295.0
BRIDGESTONE,KIS,215/50R17,610540,BLIZZAK 6,11271.0,11271.0
BRIDGESTONE,KIS,205/50R17,593989,BLIZZAK 6,10883.0,10883.0
BRIDGESTONE,KIS,205/50R17,511466,LM005 DG,13141.0,13141.0
BRIDGESTONE,KIS,225/55R17,610528,BLIZZAK 6,12258.0,12258.0
BRIDGESTONE,KIS,225/55R17,619362,LM005 DG,13636.0,13636.0
BRIDGESTONE,KIS,225/55R17,511119,LM001 RFT,14142.0,14142.0
BRIDGESTONE,KIS,215/55R17,610547,BLIZZAK 6,11863.0,11863.0
BRIDGESTONE,KIS,205/55R17,593990,BLIZZAK 6,11290.0,11290.0
BRIDGESTONE,KIS,205/55R17,511435,LM005 DG,14233.0,14233.0
BRIDGESTONE,KIS,205/60R17,511394,LM001,13238.0,13238.0
BRIDGESTONE,KIS,205/45R16,517181,BLIZZAK 6,11206.0,11206.0
BRIDGESTONE,KIS,195/45R16,517174,BLIZZAK 6,8906.0,8906.0
BRIDGESTONE,KIS,195/50R16,517175,BLIZZAK 6,9785.0,9785.0
BRIDGESTONE,KIS,225/55R16,511470,LM005 DG,13356.0,13356.0
BRIDGESTONE,KIS,215/55R16,627572,BLIZZAK 6,9910.0,9910.0
BRIDGESTONE,KIS,215/55R16,511468,LM005 DG,11648.0,11648.0
BRIDGESTONE,KIS,205/55R16,610569,BLIZZAK 6,7069.0,7069.0
BRIDGESTONE,KIS,205/55R16,511806,LM001 RFT,8974.0,8974.0
BRIDGESTONE,KIS,205/55R16,619363,LM005 DG,8460.0,8460.0
BRIDGESTONE,KIS,195/55R16,610570,BLIZZAK 6,7983.0,7983.0
BRIDGESTONE,KIS,195/55R16,619365,LM005 DG,9811.0,9811.0
BRIDGESTONE,KIS,195/55R16,511801,LM001 RFT,10609.0,10609.0
BRIDGESTONE,KIS,185/55R16,517891,BLIZZAK 6,9625.0,9625.0
BRIDGESTONE,KIS,215/60R16,610554,BLIZZAK 6,10786.0,10786.0
BRIDGESTONE,KIS,205/60R16,610571,BLIZZAK 6,8336.0,8336.0
BRIDGESTONE,KIS,205/60R16,619364,LM005 DG,11001.0,11001.0
BRIDGESTONE,KIS,205/60R16,511117,LM001 RFT,11637.0,11637.0
BRIDGESTONE,KIS,195/60R16,517178,BLIZZAK 6,8888.0,8888.0
BRIDGESTONE,KIS,205/65R16,517840,BLIZZAK 6,12658.0,12658.0
BRIDGESTONE,KIS,195/55R15,511662,LM005,8708.0,8708.0
BRIDGESTONE,KIS,185/55R15,511463,LM005,7993.0,7993.0
BRIDGESTONE,KIS,185/60R15,612605,LM005,6179.0,6179.0
BRIDGESTONE,KIS,195/65R15,612505,LM005,5656.0,5656.0
BRIDGESTONE,KIS,195/65R15,612509,LM005,5926.0,5926.0
BRIDGESTONE,KIS,185/65R15,612601,LM005,5661.0,5661.0
BRIDGESTONE,KIS,185/65R15,511672,LM005,5926.0,5926.0
BRIDGESTONE,KIS,175/65R15,511462,LM005,6439.0,6439.0
BRIDGESTONE,KIS,285/30R22,517940,BLIZZAK 6,31742.0,31742.0
BRIDGESTONE,KIS,285/35R22,517935,BLIZZAK 6,32523.0,32523.0
BRIDGESTONE,KIS,285/40R22,517025,BLIZZAK 6,42678.0,42678.0
BRIDGESTONE,KIS,275/40R22,511488,LM005,30616.0,30616.0
BRIDGESTONE,KIS,285/45R22,517936,BLIZZAK 6,30979.0,30979.0
BRIDGESTONE,KIS,275/50R22,511370,DMV2,30995.0,30995.0
BRIDGESTONE,KIS,315/35R21,517849,BLIZZAK 6,31642.0,31642.0
BRIDGESTONE,KIS,295/35R21,612626,LM005,22138.0,22138.0
BRIDGESTONE,KIS,295/40R21,517499,BLIZZAK 6,30802.0,30802.0
BRIDGESTONE,KIS,285/40R21,511225,LM005,27958.0,27958.0
BRIDGESTONE,KIS,275/40R21,517496,BLIZZAK 6,27057.0,27057.0
BRIDGESTONE,KIS,265/40R21,517494,BLIZZAK 6,26353.0,26353.0
BRIDGESTONE,KIS,245/40R21,527029,BLIZZAK 6,28919.0,28919.0
BRIDGESTONE,KIS,285/45R21,512702,BLIZZAK 6,32045.0,32045.0
BRIDGESTONE,KIS,265/45R21,511518,LM005,27377.0,27377.0
BRIDGESTONE,KIS,315/35R20,517492,BLIZZAK 6,28438.0,28438.0
BRIDGESTONE,KIS,295/40R20,517491,BLIZZAK 6,27095.0,27095.0
BRIDGESTONE,KIS,285/40R20,517026,BLIZZAK 6,29976.0,29976.0
BRIDGESTONE,KIS,275/40R20,612627,LM005,20279.0,20279.0
BRIDGESTONE,KIS,285/45R20,510490,BLIZZAK 6,25333.0,25333.0
BRIDGESTONE,KIS,275/45R20,515128,BLIZZAK 6,22671.0,22671.0
BRIDGESTONE,KIS,265/45R20,548034,BLIZZAK 6,25874.0,25874.0
BRIDGESTONE,KIS,255/45R20,543969,BLIZZAK 6,22647.0,22647.0
BRIDGESTONE,KIS,245/45R20,543949,BLIZZAK 6,21490.0,21490.0
BRIDGESTONE,KIS,235/45R20,511249,LM001,23813.0,23813.0
BRIDGESTONE,KIS,275/50R20,517489,BLIZZAK 6,26757.0,26757.0
BRIDGESTONE,KIS,265/50R20,517486,BLIZZAK 6,25266.0,25266.0
BRIDGESTONE,KIS,255/50R20,510483,BLIZZAK 6,22410.0,22410.0
BRIDGESTONE,KIS,235/50R20,517912,BLIZZAK 6,20517.0,20517.0
BRIDGESTONE,KIS,255/55R20,542978,BLIZZAK 6,24058.0,24058.0
BRIDGESTONE,KIS,235/55R20,510480,BLIZZAK 6,22106.0,22106.0
BRIDGESTONE,KIS,285/45R19,517479,BLIZZAK 6,20864.0,20864.0
BRIDGESTONE,KIS,275/45R19,517478,BLIZZAK 6,22394.0,22394.0
BRIDGESTONE,KIS,255/45R19,543987,BLIZZAK 6,19793.0,19793.0
BRIDGESTONE,KIS,245/45R19,612729,BLIZZAK 6,19776.0,19776.0
BRIDGESTONE,KIS,235/45R19,543989,BLIZZAK 6,21996.0,21996.0
BRIDGESTONE,KIS,225/45R19,612731,BLIZZAK 6,18884.0,18884.0
BRIDGESTONE,KIS,265/50R19,517476,BLIZZAK 6,19587.0,19587.0
BRIDGESTONE,KIS,255/50R19,543979,BLIZZAK 6,16941.0,16941.0
BRIDGESTONE,KIS,255/50R19,545221,LM25 4X4 RFT,21134.0,21134.0
BRIDGESTONE,KIS,235/50R19,610568,BLIZZAK 6,17375.0,17375.0
BRIDGESTONE,KIS,255/55R19,517475,BLIZZAK 6,16285.0,16285.0
BRIDGESTONE,KIS,255/55R19,612514,LM005,16076.0,16076.0
BRIDGESTONE,KIS,235/55R19,543929,BLIZZAK 6,15817.0,15817.0
BRIDGESTONE,KIS,225/55R19,510471,BLIZZAK 6,14148.0,14148.0
BRIDGESTONE,KIS,225/55R19,612522,LM005,13870.0,13870.0
BRIDGESTONE,KIS,205/55R19,517904,BLIZZAK 6,13628.0,13628.0
BRIDGESTONE,KIS,235/50R18,543919,BLIZZAK 6,14985.0,14985.0
BRIDGESTONE,KIS,225/50R18,612733,BLIZZAK 6,16043.0,16043.0
BRIDGESTONE,KIS,215/50R18,594090,BLIZZAK 6,13820.0,13820.0
BRIDGESTONE,KIS,255/55R18,517468,BLIZZAK 6,12994.0,12994.0
BRIDGESTONE,KIS,255/55R18,545009,LM25 4X4 RFT,16587.0,16587.0
BRIDGESTONE,KIS,235/55R18,610545,BLIZZAK 6,14307.0,14307.0
BRIDGESTONE,KIS,225/55R18,610566,BLIZZAK 6,13905.0,13905.0
BRIDGESTONE,KIS,215/55R18,610565,BLIZZAK 6,14310.0,14310.0
BRIDGESTONE,KIS,265/60R18,610580,BLIZZAK 6,16563.0,16563.0
BRIDGESTONE,KIS,255/60R18,610577,BLIZZAK 6,14063.0,14063.0
BRIDGESTONE,KIS,235/60R18,544850,BLIZZAK 6,13361.0,13361.0
BRIDGESTONE,KIS,235/60R18,511682,LM005,13098.0,13098.0
BRIDGESTONE,KIS,225/60R18,610537,BLIZZAK 6,14482.0,14482.0
BRIDGESTONE,KIS,235/65R18,517467,BLIZZAK 6,14689.0,14689.0
BRIDGESTONE,KIS,205/40R17,593988,BLIZZAK 6,13048.0,13048.0
BRIDGESTONE,KIS,235/55R17,610562,BLIZZAK 6,12195.0,12195.0
BRIDGESTONE,KIS,255/60R17,518458,BLIZZAK 6,14406.0,14406.0
BRIDGESTONE,KIS,235/60R17,517454,BLIZZAK 6,13374.0,13374.0
BRIDGESTONE,KIS,225/60R17,610567,BLIZZAK 6,14120.0,14120.0
BRIDGESTONE,KIS,225/60R17,511471,LM005 DG,15588.0,15588.0
BRIDGESTONE,KIS,215/60R17,610546,BLIZZAK 6,10842.0,10842.0
BRIDGESTONE,KIS,245/65R17,543959,BLIZZAK 6,14558.0,14558.0
BRIDGESTONE,KIS,235/65R17,548031,BLIZZAK 6,11797.0,11797.0
BRIDGESTONE,KIS,225/65R17,543988,BLIZZAK 6,12846.0,12846.0
BRIDGESTONE,KIS,215/65R17,612737,BLIZZAK 6,11142.0,11142.0
BRIDGESTONE,KIS,235/60R16,517889,BLIZZAK 6,10092.0,10092.0
BRIDGESTONE,KIS,185/60R16,517360,LM005,8077.0,8077.0
BRIDGESTONE,KIS,215/65R16,610555,BLIZZAK 6,8460.0,8460.0
BRIDGESTONE,KIS,245/70R16,612736,BLIZZAK 6,10766.0,10766.0
BRIDGESTONE,KIS,215/70R16,517442,BLIZZAK 6,9814.0,9814.0
BRIDGESTONE,KIS,205/80R16,517892,BLIZZAK 6,9418.0,9418.0
BRIDGESTONE,KIS,205/70R15,511436,LM005,8106.0,8106.0
BRIDGESTONE,KIS,235/75R15,545820,LM80 EVO,9383.0,9383.0
BRIDGESTONE,KIS,225/55R17,643369,DURAVIS VAN WINTER,12742.0,12742.0
BRIDGESTONE,KIS,215/60R17,643347,DURAVIS VAN WINTER,12644.0,12644.0
BRIDGESTONE,KIS,195/60R16,643330,DURAVIS VAN WINTER,9782.0,9782.0
BRIDGESTONE,KIS,285/65R16,645840,W810,22241.0,22241.0
BRIDGESTONE,KIS,235/65R16,643342,DURAVIS VAN WINTER,12960.0,12960.0
BRIDGESTONE,KIS,235/65R16,643340,DURAVIS VAN WINTER,11855.0,11855.0
BRIDGESTONE,KIS,225/65R16,643338,DURAVIS VAN WINTER,12140.0,12140.0
BRIDGESTONE,KIS,215/65R16,643336,DURAVIS VAN WINTER,10837.0,10837.0
BRIDGESTONE,KIS,205/65R16,643335,DURAVIS VAN WINTER,10547.0,10547.0
BRIDGESTONE,KIS,195/65R16,643328,DURAVIS VAN WINTER,9540.0,9540.0
BRIDGESTONE,KIS,215/75R16,643337,DURAVIS VAN WINTER,10559.0,10559.0
BRIDGESTONE,KIS,205/75R16,643332,DURAVIS VAN WINTER,10179.0,10179.0
BRIDGESTONE,KIS,205/75R16,643331,DURAVIS VAN WINTER,10043.0,10043.0
BRIDGESTONE,KIS,195/75R16,643349,DURAVIS VAN WINTER,9184.0,9184.0
BRIDGESTONE,KIS,195/75R16,643329,DURAVIS VAN WINTER,9003.0,9003.0
BRIDGESTONE,KIS,215/65R15,642348,DURAVIS VAN WINTER,11867.0,11867.0
BRIDGESTONE,KIS,225/70R15,642327,DURAVIS VAN WINTER,9616.0,9616.0
BRIDGESTONE,KIS,215/70R15,642326,DURAVIS VAN WINTER,9321.0,9321.0
BRIDGESTONE,KIS,195/70R15,642325,DURAVIS VAN WINTER,8400.0,8400.0
BRIDGESTONE,YAZ,205/45R17,528957,POTENZA SPORT EVO,9443.0,9443.0
BRIDGESTONE,YAZ,215/45R17,528960,POTENZA SPORT EVO,9013.0,9013.0
BRIDGESTONE,YAZ,215/45R18,528971,POTENZA SPORT EVO,13146.0,13146.0
BRIDGESTONE,YAZ,225/35R18,528972,POTENZA SPORT EVO,15393.0,15393.0
BRIDGESTONE,YAZ,225/35R19,528994,POTENZA SPORT EVO,14683.0,14683.0
BRIDGESTONE,YAZ,225/35R19,528984,POTENZA SPORT EVO,14976.0,14976.0
BRIDGESTONE,YAZ,225/40R18,528973,POTENZA SPORT EVO,8255.0,8255.0
BRIDGESTONE,YAZ,225/45R17,528963,POTENZA SPORT EVO,7357.0,7357.0
BRIDGESTONE,YAZ,225/45R18,528974,POTENZA SPORT EVO,12759.0,12759.0
BRIDGESTONE,YAZ,225/45R19,528996,POTENZA SPORT EVO,16774.0,16774.0
BRIDGESTONE,YAZ,225/50R17,528964,POTENZA SPORT EVO,10813.0,10813.0
BRIDGESTONE,YAZ,225/55R17,528965,POTENZA SPORT EVO,11513.0,11513.0
BRIDGESTONE,YAZ,235/35R20,529099,POTENZA SPORT EVO,16664.0,16664.0
BRIDGESTONE,YAZ,235/40R18,528977,POTENZA SPORT EVO,11060.0,11060.0
BRIDGESTONE,YAZ,235/40R19,528998,POTENZA SPORT EVO,16366.0,16366.0
BRIDGESTONE,YAZ,235/45R18,528978,POTENZA SPORT EVO,13652.0,13652.0
BRIDGESTONE,YAZ,235/55R19,528999,POTENZA SPORT EVO,13158.0,13158.0
BRIDGESTONE,YAZ,245/35R18,528980,POTENZA SPORT EVO,13610.0,13610.0
BRIDGESTONE,YAZ,245/40R17,528967,POTENZA SPORT EVO,10718.0,10718.0
BRIDGESTONE,YAZ,245/40R19,529046,POTENZA SPORT EVO,15580.0,15580.0
BRIDGESTONE,YAZ,245/45R18,528982,POTENZA SPORT EVO,12345.0,12345.0
BRIDGESTONE,YAZ,245/45R19,529047,POTENZA SPORT EVO,16909.0,16909.0
BRIDGESTONE,YAZ,245/50R18,528983,POTENZA SPORT EVO,15723.0,15723.0
BRIDGESTONE,YAZ,255/35R19,529061,POTENZA SPORT EVO,15626.0,15626.0
BRIDGESTONE,YAZ,255/45R18,528986,POTENZA SPORT EVO,15234.0,15234.0
BRIDGESTONE,YAZ,255/45R20,529114,POTENZA SPORT EVO,22285.0,22285.0
BRIDGESTONE,YAZ,255/50R19,529056,POTENZA SPORT EVO,15415.0,15415.0
BRIDGESTONE,YAZ,265/35R18,528987,POTENZA SPORT EVO,15723.0,15723.0
BRIDGESTONE,YAZ,275/35R19,529070,POTENZA SPORT EVO,20745.0,20745.0
BRIDGESTONE,YAZ,275/45R20,529126,POTENZA SPORT EVO,20512.0,20512.0
DAYTON,KIS,225/45R17,D11108,DW510E,5085.0,5085.0
DAYTON,KIS,205/50R17,D11120,DW510E,6842.0,6842.0
DAYTON,KIS,215/55R16,D11130,DW510E,6023.0,6023.0
DAYTON,KIS,205/55R16,D11101,DW510E,4334.0,4334.0
DAYTON,KIS,195/55R16,D11100,DW510E,5043.0,5043.0
DAYTON,KIS,215/60R16,D11150,DW510E,7181.0,7181.0
DAYTON,KIS,205/60R16,D11140,DW510E,5412.0,5412.0
DAYTON,KIS,195/50R15,D11160,DW510E,4019.0,4019.0
DAYTON,KIS,195/60R15,D11107,DW510E,4164.0,4164.0
DAYTON,KIS,185/60R15,D11090,DW510E,4029.0,4029.0
DAYTON,KIS,195/65R15,D11102,DW510E,3693.0,3693.0
DAYTON,KIS,185/65R15,D11104,DW510E,3693.0,3693.0
DAYTON,KIS,185/65R14,D11106,DW510E,3627.0,3627.0
DAYTON,KIS,175/65R14,D11103,DW510E,3342.0,3342.0
DAYTON,KIS,175/70R14,D11180,DW510E,3923.0,3923.0
DAYTON,KIS,175/70R13,D11105,DW510E,3091.0,3091.0
DAYTON,KIS,195/60R16,D45192, VAN WINTER,6454.0,6454.0
DAYTON,KIS,235/65R16,D45114, VAN WINTER,7884.0,7884.0
DAYTON,KIS,235/65R16,D45193, VAN WINTER,8456.0,8456.0
DAYTON,KIS,225/65R16,D45112, VAN WINTER,8304.0,8304.0
DAYTON,KIS,215/65R16,D45517, VAN WINTER,7240.0,7240.0
DAYTON,KIS,205/65R16,D45107, VAN WINTER,7215.0,7215.0
DAYTON,KIS,195/65R16,D45518, VAN WINTER,6713.0,6713.0
DAYTON,KIS,215/75R16,D45111, VAN WINTER,7302.0,7302.0
DAYTON,KIS,205/75R16,D45108, VAN WINTER,6913.0,6913.0
DAYTON,KIS,195/75R16,D45105, VAN WINTER,6228.0,6228.0
DAYTON,KIS,185/75R16,D45521, VAN WINTER,5934.0,5934.0
DAYTON,KIS,225/70R15,D45113, VAN WINTER,6629.0,6629.0
DAYTON,KIS,215/70R15,D45510, VAN WINTER,6977.0,6977.0
DAYTON,KIS,195/70R15,D45519, VAN WINTER,6201.0,6201.0
DAYTON,KIS,195R14,D45106, VAN WINTER,5468.0,5468.0
DAYTON,KIS,185R14,D45102, VAN WINTER,4826.0,4826.0
DAYTON,YAZ,245/40R18,D11027,TOURING 2,7237.0,7237.0
DAYTON,YAZ,225/40R18,D11018,TOURING 2,5080.0,5080.0
DAYTON,YAZ,245/45R18,D11064,TOURING 2,7571.0,7571.0
DAYTON,YAZ,235/45R18,D11117,TOURING2,8116.0,8116.0
DAYTON,YAZ,225/45R18,D11111,TOURING 2,7727.0,7727.0
DAYTON,YAZ,225/45R17,D11019,TOURING 2,4744.0,4744.0
DAYTON,YAZ,225/50R17,D11074,TOURING 2,6471.0,6471.0
DAYTON,YAZ,215/50R17,D11073,TOURING 2,6790.0,6790.0
DAYTON,YAZ,225/55R17,D11020,TOURING 2,7190.0,7190.0
DAYTON,YAZ,215/55R17,D11070,TOURING 2,6735.0,6735.0
DAYTON,YAZ,195/50R16,D11065,TOURING 2,5431.0,5431.0
DAYTON,YAZ,215/55R16,D11021,TOURING 2,5644.0,5644.0
DAYTON,YAZ,205/55R16,D11010,TOURING 2,3957.0,3957.0
DAYTON,YAZ,195/55R16,D11072,TOURING 2,4662.0,4662.0
DAYTON,YAZ,205/60R16,D11069,TOURING 2,5140.0,5140.0
DAYTON,YAZ,195/50R15,D11016,TOURING 2,3605.0,3605.0
DAYTON,YAZ,195/60R15,D11017,TOURING 2,3863.0,3863.0
DAYTON,YAZ,185/60R15,D11068,TOURING 2,3823.0,3823.0
DAYTON,YAZ,195/65R15,D11011,TOURING 2,3430.0,3430.0
DAYTON,YAZ,185/65R15,D11015,TOURING 2,3430.0,3430.0
DAYTON,YAZ,185/65R14,D11014,TOURING 2,3262.0,3262.0
DAYTON,YAZ,175/65R14,D11012,TOURING 2,3007.0,3007.0
DAYTON,YAZ,175/70R14,D10260,TOURING 2,3345.0,3345.0
DAYTON,YAZ,175/70R13,D11013,TOURING 2,2775.0,2775.0
DAYTON,YAZ,165/80R13,D11071,TOURING 2,3027.0,3027.0
DAYTON,YAZ,235/55R18,D11128,TOURING 2,7101.0,7101.0
DAYTON,YAZ,215/55R18,D11125,TOURING 2,7701.0,7701.0
DAYTON,YAZ,235/55R17,D11129,TOURING 2,7182.0,7182.0
DAYTON,YAZ,215/60R17,D11067,TOURING 2,6329.0,6329.0
DAYTON,YAZ,225/65R17,D11124,TOURING 2,7103.0,7103.0
DAYTON,YAZ,215/65R16,D11066,TOURING 2,5051.0,5051.0
DAYTON,YAZ,195/60R16,D43076,DAYTON VAN,6372.0,6372.0
DAYTON,YAZ,235/65R16,D43017,DAYTON VAN,7259.0,7259.0
DAYTON,YAZ,235/65R16,D43077,DAYTON VAN,7929.0,7929.0
DAYTON,YAZ,225/65R16,D42214,DAYTON VAN,8295.0,8295.0
DAYTON,YAZ,215/65R16,D43507,DAYTON VAN,7088.0,7088.0
DAYTON,YAZ,205/65R16,D43504,DAYTON VAN,6808.0,6808.0
DAYTON,YAZ,195/65R16,D43505,DAYTON VAN,5842.0,5842.0
DAYTON,YAZ,225/75R16,D43016,DAYTON VAN,7669.0,7669.0
DAYTON,YAZ,215/75R16,D43012,DAYTON VAN,6820.0,6820.0
DAYTON,YAZ,215/75R16,D43013,DAYTON VAN,7003.0,7003.0
DAYTON,YAZ,205/75R16,D43009,DAYTON VAN,6484.0,6484.0
DAYTON,YAZ,195/75R16,D43005,DAYTON VAN,5714.0,5714.0
DAYTON,YAZ,185/75R16,D43506,DAYTON VAN,5258.0,5258.0
DAYTON,YAZ,225/70R15,D42215,DAYTON VAN,6437.0,6437.0
DAYTON,YAZ,215/70R15,D42509,DAYTON VAN,6374.0,6374.0
DAYTON,YAZ,205/70R15,D42008,DAYTON VAN,6025.0,6025.0
DAYTON,YAZ,195/70R15,D42204,DAYTON VAN,5577.0,5577.0
DAYTON,YAZ,195R14,D42006,DAYTON VAN,5080.0,5080.0
DAYTON,YAZ,185R14,D42002,DAYTON VAN,4541.0,4541.0
